Adrara San Martino,http://www.comuni-italiani.it/016/001/index.html
Adrara San Rocco,http://www.comuni-italiani.it/016/002/index.html
Albano Sant'Alessandro,http://www.comuni-italiani.it/016/003/index.html
Albino,http://www.comuni-italiani.it/016/004/index.html
Algua,http://www.comuni-italiani.it/016/248/index.html
Almè,http://www.comuni-italiani.it/016/005/index.html
Almenno San Bartolomeo,http://www.comuni-italiani.it/016/006/index.html
Almenno San Salvatore,http://www.comuni-italiani.it/016/007/index.html
Alzano Lombardo,http://www.comuni-italiani.it/016/008/index.html
Ambivere,http://www.comuni-italiani.it/016/009/index.html
Antegnate,http://www.comuni-italiani.it/016/010/index.html
Arcene,http://www.comuni-italiani.it/016/011/index.html
Ardesio,http://www.comuni-italiani.it/016/012/index.html
Arzago d'Adda,http://www.comuni-italiani.it/016/013/index.html
Averara,http://www.comuni-italiani.it/016/014/index.html
Aviatico,http://www.comuni-italiani.it/016/015/index.html
Azzano San Paolo,http://www.comuni-italiani.it/016/016/index.html
Azzone,http://www.comuni-italiani.it/016/017/index.html
Bagnatica,http://www.comuni-italiani.it/016/018/index.html
Barbata,http://www.comuni-italiani.it/016/019/index.html
Bariano,http://www.comuni-italiani.it/016/020/index.html
Barzana,http://www.comuni-italiani.it/016/021/index.html
Bedulita,http://www.comuni-italiani.it/016/022/index.html
Berbenno,http://www.comuni-italiani.it/016/023/index.html
Bergamo,http://www.comuni-italiani.it/016/024/index.html
Berzo San Fermo,http://www.comuni-italiani.it/016/025/index.html
Bianzano,http://www.comuni-italiani.it/016/026/index.html
Blello,http://www.comuni-italiani.it/016/027/index.html
Bolgare,http://www.comuni-italiani.it/016/028/index.html
Boltiere,http://www.comuni-italiani.it/016/029/index.html
Bonate Sopra,http://www.comuni-italiani.it/016/030/index.html
Bonate Sotto,http://www.comuni-italiani.it/016/031/index.html
Borgo di Terzo,http://www.comuni-italiani.it/016/032/index.html
Bossico,http://www.comuni-italiani.it/016/033/index.html
Bottanuco,http://www.comuni-italiani.it/016/034/index.html
Bracca,http://www.comuni-italiani.it/016/035/index.html
Branzi,http://www.comuni-italiani.it/016/036/index.html
Brembate,http://www.comuni-italiani.it/016/037/index.html
Brembate di Sopra,http://www.comuni-italiani.it/016/038/index.html
Brignano Gera d'Adda,http://www.comuni-italiani.it/016/040/index.html
Brumano,http://www.comuni-italiani.it/016/041/index.html
Brusaporto,http://www.comuni-italiani.it/016/042/index.html
Calcinate,http://www.comuni-italiani.it/016/043/index.html
Calcio,http://www.comuni-italiani.it/016/044/index.html
Calusco d'Adda,http://www.comuni-italiani.it/016/046/index.html
Calvenzano,http://www.comuni-italiani.it/016/047/index.html
Camerata Cornello,http://www.comuni-italiani.it/016/048/index.html
Canonica d'Adda,http://www.comuni-italiani.it/016/049/index.html
Capizzone,http://www.comuni-italiani.it/016/050/index.html
Capriate San Gervasio,http://www.comuni-italiani.it/016/051/index.html
Caprino Bergamasco,http://www.comuni-italiani.it/016/052/index.html
Caravaggio,http://www.comuni-italiani.it/016/053/index.html
Carobbio degli Angeli,http://www.comuni-italiani.it/016/055/index.html
Carona,http://www.comuni-italiani.it/016/056/index.html
Carvico,http://www.comuni-italiani.it/016/057/index.html
Casazza,http://www.comuni-italiani.it/016/058/index.html
Casirate d'Adda,http://www.comuni-italiani.it/016/059/index.html
Casnigo,http://www.comuni-italiani.it/016/060/index.html
Cassiglio,http://www.comuni-italiani.it/016/061/index.html
Castel Rozzone,http://www.comuni-italiani.it/016/063/index.html
Castelli Calepio,http://www.comuni-italiani.it/016/062/index.html
Castione della Presolana,http://www.comuni-italiani.it/016/064/index.html
Castro,http://www.comuni-italiani.it/016/065/index.html
Cavernago,http://www.comuni-italiani.it/016/066/index.html
Cazzano Sant'Andrea,http://www.comuni-italiani.it/016/067/index.html
Cenate Sopra,http://www.comuni-italiani.it/016/068/index.html
Cenate Sotto,http://www.comuni-italiani.it/016/069/index.html
Cene,http://www.comuni-italiani.it/016/070/index.html
Cerete,http://www.comuni-italiani.it/016/071/index.html
Chignolo d'Isola,http://www.comuni-italiani.it/016/072/index.html
Chiuduno,http://www.comuni-italiani.it/016/073/index.html
Cisano Bergamasco,http://www.comuni-italiani.it/016/074/index.html
Ciserano,http://www.comuni-italiani.it/016/075/index.html
Cividate al Piano,http://www.comuni-italiani.it/016/076/index.html
Clusone,http://www.comuni-italiani.it/016/077/index.html
Colere,http://www.comuni-italiani.it/016/078/index.html
Cologno al Serio,http://www.comuni-italiani.it/016/079/index.html
Colzate,http://www.comuni-italiani.it/016/080/index.html
Comun Nuovo,http://www.comuni-italiani.it/016/081/index.html
Corna Imagna,http://www.comuni-italiani.it/016/082/index.html
Cornalba,http://www.comuni-italiani.it/016/249/index.html
Cortenuova,http://www.comuni-italiani.it/016/083/index.html
Costa di Mezzate,http://www.comuni-italiani.it/016/084/index.html
Costa Serina,http://www.comuni-italiani.it/016/247/index.html
Costa Valle Imagna,http://www.comuni-italiani.it/016/085/index.html
Costa Volpino,http://www.comuni-italiani.it/016/086/index.html
Covo,http://www.comuni-italiani.it/016/087/index.html
Credaro,http://www.comuni-italiani.it/016/088/index.html
Curno,http://www.comuni-italiani.it/016/089/index.html
Cusio,http://www.comuni-italiani.it/016/090/index.html
Dalmine,http://www.comuni-italiani.it/016/091/index.html
Dossena,http://www.comuni-italiani.it/016/092/index.html
Endine Gaiano,http://www.comuni-italiani.it/016/093/index.html
Entratico,http://www.comuni-italiani.it/016/094/index.html
Fara Gera d'Adda,http://www.comuni-italiani.it/016/096/index.html
Fara Olivana con Sola,http://www.comuni-italiani.it/016/097/index.html
Filago,http://www.comuni-italiani.it/016/098/index.html
Fino del Monte,http://www.comuni-italiani.it/016/099/index.html
Fiorano al Serio,http://www.comuni-italiani.it/016/100/index.html
Fontanella,http://www.comuni-italiani.it/016/101/index.html
Fonteno,http://www.comuni-italiani.it/016/102/index.html
Foppolo,http://www.comuni-italiani.it/016/103/index.html
Foresto Sparso,http://www.comuni-italiani.it/016/104/index.html
Fornovo San Giovanni,http://www.comuni-italiani.it/016/105/index.html
Fuipiano Valle Imagna,http://www.comuni-italiani.it/016/106/index.html
Gandellino,http://www.comuni-italiani.it/016/107/index.html
Gandino,http://www.comuni-italiani.it/016/108/index.html
Gandosso,http://www.comuni-italiani.it/016/109/index.html
Gaverina Terme,http://www.comuni-italiani.it/016/110/index.html
Gazzaniga,http://www.comuni-italiani.it/016/111/index.html
Ghisalba,http://www.comuni-italiani.it/016/113/index.html
Gorlago,http://www.comuni-italiani.it/016/114/index.html
Gorle,http://www.comuni-italiani.it/016/115/index.html
Gorno,http://www.comuni-italiani.it/016/116/index.html
Grassobbio,http://www.comuni-italiani.it/016/117/index.html
Gromo,http://www.comuni-italiani.it/016/118/index.html
Grone,http://www.comuni-italiani.it/016/119/index.html
Grumello del Monte,http://www.comuni-italiani.it/016/120/index.html
Isola di Fondra,http://www.comuni-italiani.it/016/121/index.html
Isso,http://www.comuni-italiani.it/016/122/index.html
Lallio,http://www.comuni-italiani.it/016/123/index.html
Leffe,http://www.comuni-italiani.it/016/124/index.html
Lenna,http://www.comuni-italiani.it/016/125/index.html
Levate,http://www.comuni-italiani.it/016/126/index.html
Locatello,http://www.comuni-italiani.it/016/127/index.html
Lovere,http://www.comuni-italiani.it/016/128/index.html
Lurano,http://www.comuni-italiani.it/016/129/index.html
Luzzana,http://www.comuni-italiani.it/016/130/index.html
Madone,http://www.comuni-italiani.it/016/131/index.html
Mapello,http://www.comuni-italiani.it/016/132/index.html
Martinengo,http://www.comuni-italiani.it/016/133/index.html
Medolago,http://www.comuni-italiani.it/016/250/index.html
Mezzoldo,http://www.comuni-italiani.it/016/134/index.html
Misano di Gera d'Adda,http://www.comuni-italiani.it/016/135/index.html
Moio de' Calvi,http://www.comuni-italiani.it/016/136/index.html
Monasterolo del Castello,http://www.comuni-italiani.it/016/137/index.html
Montello,http://www.comuni-italiani.it/016/139/index.html
Morengo,http://www.comuni-italiani.it/016/140/index.html
Mornico al Serio,http://www.comuni-italiani.it/016/141/index.html
Mozzanica,http://www.comuni-italiani.it/016/142/index.html
Mozzo,http://www.comuni-italiani.it/016/143/index.html
Nembro,http://www.comuni-italiani.it/016/144/index.html
Olmo al Brembo,http://www.comuni-italiani.it/016/145/index.html
Oltre il Colle,http://www.comuni-italiani.it/016/146/index.html
Oltressenda Alta,http://www.comuni-italiani.it/016/147/index.html
Oneta,http://www.comuni-italiani.it/016/148/index.html
Onore,http://www.comuni-italiani.it/016/149/index.html
Orio al Serio,http://www.comuni-italiani.it/016/150/index.html
Ornica,http://www.comuni-italiani.it/016/151/index.html
Osio Sopra,http://www.comuni-italiani.it/016/152/index.html
Osio Sotto,http://www.comuni-italiani.it/016/153/index.html
Pagazzano,http://www.comuni-italiani.it/016/154/index.html
Paladina,http://www.comuni-italiani.it/016/155/index.html
Palazzago,http://www.comuni-italiani.it/016/156/index.html
Palosco,http://www.comuni-italiani.it/016/157/index.html
Parre,http://www.comuni-italiani.it/016/158/index.html
Parzanica,http://www.comuni-italiani.it/016/159/index.html
Pedrengo,http://www.comuni-italiani.it/016/160/index.html
Peia,http://www.comuni-italiani.it/016/161/index.html
Pianico,http://www.comuni-italiani.it/016/162/index.html
Piario,http://www.comuni-italiani.it/016/163/index.html
Piazza Brembana,http://www.comuni-italiani.it/016/164/index.html
Piazzatorre,http://www.comuni-italiani.it/016/165/index.html
Piazzolo,http://www.comuni-italiani.it/016/166/index.html
Pognano,http://www.comuni-italiani.it/016/167/index.html
Ponte Nossa,http://www.comuni-italiani.it/016/168/index.html
Ponte San Pietro,http://www.comuni-italiani.it/016/170/index.html
Ponteranica,http://www.comuni-italiani.it/016/169/index.html
Pontida,http://www.comuni-italiani.it/016/171/index.html
Pontirolo Nuovo,http://www.comuni-italiani.it/016/172/index.html
Pradalunga,http://www.comuni-italiani.it/016/173/index.html
Predore,http://www.comuni-italiani.it/016/174/index.html
Premolo,http://www.comuni-italiani.it/016/175/index.html
Presezzo,http://www.comuni-italiani.it/016/176/index.html
Pumenengo,http://www.comuni-italiani.it/016/177/index.html
Ranica,http://www.comuni-italiani.it/016/178/index.html
Ranzanico,http://www.comuni-italiani.it/016/179/index.html
Riva di Solto,http://www.comuni-italiani.it/016/180/index.html
Rogno,http://www.comuni-italiani.it/016/182/index.html
Romano di Lombardia,http://www.comuni-italiani.it/016/183/index.html
Roncobello,http://www.comuni-italiani.it/016/184/index.html
Roncola,http://www.comuni-italiani.it/016/185/index.html
Rota d'Imagna,http://www.comuni-italiani.it/016/186/index.html
Rovetta,http://www.comuni-italiani.it/016/187/index.html
San Giovanni Bianco,http://www.comuni-italiani.it/016/188/index.html
San Paolo d'Argon,http://www.comuni-italiani.it/016/189/index.html
San Pellegrino Terme,http://www.comuni-italiani.it/016/190/index.html
Santa Brigida,http://www.comuni-italiani.it/016/191/index.html
Sant'Omobono Terme,http://www.comuni-italiani.it/016/252/index.html
Sarnico,http://www.comuni-italiani.it/016/193/index.html
Scanzorosciate,http://www.comuni-italiani.it/016/194/index.html
Schilpario,http://www.comuni-italiani.it/016/195/index.html
Sedrina,http://www.comuni-italiani.it/016/196/index.html
Selvino,http://www.comuni-italiani.it/016/197/index.html
Seriate,http://www.comuni-italiani.it/016/198/index.html
Serina,http://www.comuni-italiani.it/016/199/index.html
Solto Collina,http://www.comuni-italiani.it/016/200/index.html
Solza,http://www.comuni-italiani.it/016/251/index.html
Songavazzo,http://www.comuni-italiani.it/016/201/index.html
Sorisole,http://www.comuni-italiani.it/016/202/index.html
Sotto il Monte Giovanni XXIII,http://www.comuni-italiani.it/016/203/index.html
Sovere,http://www.comuni-italiani.it/016/204/index.html
Spinone al Lago,http://www.comuni-italiani.it/016/205/index.html
Spirano,http://www.comuni-italiani.it/016/206/index.html
Stezzano,http://www.comuni-italiani.it/016/207/index.html
Strozza,http://www.comuni-italiani.it/016/208/index.html
Suisio,http://www.comuni-italiani.it/016/209/index.html
Taleggio,http://www.comuni-italiani.it/016/210/index.html
Tavernola Bergamasca,http://www.comuni-italiani.it/016/211/index.html
Telgate,http://www.comuni-italiani.it/016/212/index.html
Terno d'Isola,http://www.comuni-italiani.it/016/213/index.html
Torre Boldone,http://www.comuni-italiani.it/016/214/index.html
Torre de' Roveri,http://www.comuni-italiani.it/016/216/index.html
Torre Pallavicina,http://www.comuni-italiani.it/016/217/index.html
Trescore Balneario,http://www.comuni-italiani.it/016/218/index.html
Treviglio,http://www.comuni-italiani.it/016/219/index.html
Treviolo,http://www.comuni-italiani.it/016/220/index.html
Ubiale Clanezzo,http://www.comuni-italiani.it/016/221/index.html
Urgnano,http://www.comuni-italiani.it/016/222/index.html
Val Brembilla,http://www.comuni-italiani.it/016/253/index.html
Valbondione,http://www.comuni-italiani.it/016/223/index.html
Valbrembo,http://www.comuni-italiani.it/016/224/index.html
Valgoglio,http://www.comuni-italiani.it/016/225/index.html
Valleve,http://www.comuni-italiani.it/016/226/index.html
Valnegra,http://www.comuni-italiani.it/016/227/index.html
Valtorta,http://www.comuni-italiani.it/016/229/index.html
Vedeseta,http://www.comuni-italiani.it/016/230/index.html
Verdellino,http://www.comuni-italiani.it/016/232/index.html
Verdello,http://www.comuni-italiani.it/016/233/index.html
Vertova,http://www.comuni-italiani.it/016/234/index.html
Viadanica,http://www.comuni-italiani.it/016/235/index.html
Vigano San Martino,http://www.comuni-italiani.it/016/236/index.html
Vigolo,http://www.comuni-italiani.it/016/237/index.html
Villa d'Adda,http://www.comuni-italiani.it/016/238/index.html
Villa d'Almè,http://www.comuni-italiani.it/016/239/index.html
Villa di Serio,http://www.comuni-italiani.it/016/240/index.html
Villa d'Ogna,http://www.comuni-italiani.it/016/241/index.html
Villongo,http://www.comuni-italiani.it/016/242/index.html
Vilminore di Scalve,http://www.comuni-italiani.it/016/243/index.html
Zandobbio,http://www.comuni-italiani.it/016/244/index.html
Zanica,http://www.comuni-italiani.it/016/245/index.html
Zogno,http://www.comuni-italiani.it/016/246/index.html
,http://www.comuni-italiani.it/016/
