Adro,http://www.comuni-italiani.it/017/002/index.html,info@comunediadro.net
Agnosine,http://www.comuni-italiani.it/017/003/index.html,sindaco@comune.agnosine.bs.it
Anfo,http://www.comuni-italiani.it/017/005/index.html,info@comune.anfo.bs.it
Artogne,http://www.comuni-italiani.it/017/007/index.html,info@comune.artogne.bs.it
Azzano Mella,http://www.comuni-italiani.it/017/008/index.html,info@comune.azzanomella.bs.it
Bagolino,http://www.comuni-italiani.it/017/010/index.html,segreteria@comune.bagolino.bs.it
Barghe,http://www.comuni-italiani.it/017/012/index.html,sindaco@comune.barghe.bs.it
Bedizzole,http://www.comuni-italiani.it/017/014/index.html,urp@comunebedizzole.it
Berlingo,http://www.comuni-italiani.it/017/015/index.html,info@comune.berlingo.bs.it
Berzo Demo,http://www.comuni-italiani.it/017/016/index.html,info@comune.berzo-demo.bs.it
Berzo Inferiore,http://www.comuni-italiani.it/017/017/index.html,info@comune.berzo-inferiore.bs.it
Bienno,http://www.comuni-italiani.it/017/018/index.html,info@comune.bienno.bs.it
Bione,http://www.comuni-italiani.it/017/019/index.html,protocollo@comune.bione.bs.it
Borgo San Giacomo,http://www.comuni-italiani.it/017/020/index.html,info@comune.borgosangiacomo.bs.it
Borgosatollo,http://www.comuni-italiani.it/017/021/index.html,segreteria@comune.borgosatollo.bs.it
Borno,http://www.comuni-italiani.it/017/022/index.html,info@comune.borno.bs.it
Botticino,http://www.comuni-italiani.it/017/023/index.html,info@comune.botticino.bs.it
Bovezzo,http://www.comuni-italiani.it/017/025/index.html,info@comune.bovezzo.bs.it
Braone,http://www.comuni-italiani.it/017/027/index.html,info@comune.braone.bs.it
Breno,http://www.comuni-italiani.it/017/028/index.html,info@comune.breno.bs.it
Brescia,http://www.comuni-italiani.it/017/029/index.html,uffgab@comune.brescia.it
Brione,http://www.comuni-italiani.it/017/030/index.html,sindaco@comune.brione.bs.it
Caino,http://www.comuni-italiani.it/017/031/index.html,ufficio.segreteria@comune.caino.bs.it
Calcinato,http://www.comuni-italiani.it/017/032/index.html,segreteria@comune.calcinato.bs.it
Calvagese della Riviera,http://www.comuni-italiani.it/017/033/index.html,info@comune.calvagesedellariviera.bs.it
Calvisano,http://www.comuni-italiani.it/017/034/index.html,info@comunedicalvisano.it
Capo di Ponte,http://www.comuni-italiani.it/017/035/index.html,info@comune.capo-di-ponte.bs.it
Capovalle,http://www.comuni-italiani.it/017/036/index.html,sindaco@comune.capovalle.bs.it
Capriano del Colle,http://www.comuni-italiani.it/017/037/index.html,sindaco@comune.capriano.bs.it
Capriolo,http://www.comuni-italiani.it/017/038/index.html,protocollo@capriolo.org
Carpenedolo,http://www.comuni-italiani.it/017/039/index.html,info@comune.carpenedolo.bs.it
Castegnato,http://www.comuni-italiani.it/017/040/index.html,segreteria@comunecastegnato.org
Castel Mella,http://www.comuni-italiani.it/017/042/index.html,segreteria@comune.castelmella.bs.it
Castelcovati,http://www.comuni-italiani.it/017/041/index.html,amministrativo@comune.castelcovati.bs.it
Castenedolo,http://www.comuni-italiani.it/017/043/index.html,info@comune.castenedolo.brescia.it
Casto,http://www.comuni-italiani.it/017/044/index.html,info@comune.casto.bs.it
Cazzago San Martino,http://www.comuni-italiani.it/017/046/index.html,municipio@comune.cazzago.bs.it
Cellatica,http://www.comuni-italiani.it/017/048/index.html,anagrafe@comune.cellatica.brescia.it
Cerveno,http://www.comuni-italiani.it/017/049/index.html,info@comune.cerveno.bs.it
Coccaglio,http://www.comuni-italiani.it/017/056/index.html,segreteria@comunedicoccaglio.it
Corzano,http://www.comuni-italiani.it/017/064/index.html,info@comune.corzano.bs.it
Darfo Boario Terme,http://www.comuni-italiani.it/017/065/index.html,info@darfoboarioterme.net
Desenzano del Garda,http://www.comuni-italiani.it/017/067/index.html,segreteria@comune.desenzano.brescia.it
Edolo,http://www.comuni-italiani.it/017/068/index.html,info@comune.edolo.bs.it
Erbusco,http://www.comuni-italiani.it/017/069/index.html,segreteria@comune.erbusco.bs.it
Esine,http://www.comuni-italiani.it/017/070/index.html,info@comune.esine.bs.it
Flero,http://www.comuni-italiani.it/017/072/index.html,sindaco@comune.flero.bs.it
Gambara,http://www.comuni-italiani.it/017/073/index.html,amministrazione-sindaco@comune.gambara.bs.it
Ghedi,http://www.comuni-italiani.it/017/078/index.html,segreteria@comune.ghedi.brescia.it
Gianico,http://www.comuni-italiani.it/017/079/index.html,info@comune.gianico.bs.it
Gottolengo,http://www.comuni-italiani.it/017/080/index.html,sindaco@gottolengo.com
Idro,http://www.comuni-italiani.it/017/082/index.html,segreteria@comune.idro.bs.it
Incudine,http://www.comuni-italiani.it/017/083/index.html,info@comune.incudine.bs.it
Iseo,http://www.comuni-italiani.it/017/085/index.html,info@comune.iseo.bs.it
Isorella,http://www.comuni-italiani.it/017/086/index.html,segreteria@comune.isorella.bs.it
Limone sul Garda,http://www.comuni-italiani.it/017/089/index.html,settore.contabile@comune.limonesulgarda.bs.it
Lonato del Garda,http://www.comuni-italiani.it/017/092/index.html,info@comune.lonato.bs.it
Lozio,http://www.comuni-italiani.it/017/095/index.html,sindaco@comune.lozio.bs.it
Magasa,http://www.comuni-italiani.it/017/098/index.html,info@comune.magasa.bs.it
Malegno,http://www.comuni-italiani.it/017/100/index.html,info@comune.malegno.bs.it
Manerba del Garda,http://www.comuni-italiani.it/017/102/index.html,info@comune.manerbadelgarda.bs.it
Manerbio,http://www.comuni-italiani.it/017/103/index.html,protocollo@comune.manerbio.bs.it
Marcheno,http://www.comuni-italiani.it/017/104/index.html,comune@comune.marcheno.bs.it
Marmentino,http://www.comuni-italiani.it/017/105/index.html,protocollo@comune.marmentino.bs.it
Marone,http://www.comuni-italiani.it/017/106/index.html,info@comune.marone.bs.it
Mazzano,http://www.comuni-italiani.it/017/107/index.html,informazioni@comune.mazzano.bs.it
Monno,http://www.comuni-italiani.it/017/110/index.html,info@comune.monno.bs.it
Monte Isola,http://www.comuni-italiani.it/017/111/index.html,info@comune.monteisola.bs.it
Monticelli Brusati,http://www.comuni-italiani.it/017/112/index.html,info@comune.monticellibrusati.bs.it
Montichiari,http://www.comuni-italiani.it/017/113/index.html,info@montichiari.it
Muscoline,http://www.comuni-italiani.it/017/116/index.html,segretario@comune.muscoline.bs.it
Nave,http://www.comuni-italiani.it/017/117/index.html,urp@comune.nave.bs.it
Nuvolera,http://www.comuni-italiani.it/017/120/index.html,segreteria@comune.nuvolera.bs.it
Odolo,http://www.comuni-italiani.it/017/121/index.html,segretario@comune.odolo.bs.it
Ono San Pietro,http://www.comuni-italiani.it/017/124/index.html,info@comune.ono-san-pietro.bs.it
Ospitaletto,http://www.comuni-italiani.it/017/127/index.html,segreteria@comune.ospitaletto.bs.it
Ossimo,http://www.comuni-italiani.it/017/128/index.html,info@comune.ossimo.bs.it
Padenghe sul Garda,http://www.comuni-italiani.it/017/129/index.html,info@comune.padenghe.brescia.it
Paderno Franciacorta,http://www.comuni-italiani.it/017/130/index.html,municipio@padernofranciacorta.net
Paisco Loveno,http://www.comuni-italiani.it/017/131/index.html,info@comune.paisco-loveno.bs.it
Paitone,http://www.comuni-italiani.it/017/132/index.html,segretario@comune.paitone.bs.it
Palazzolo sull'Oglio,http://www.comuni-italiani.it/017/133/index.html,protocollo@comune.palazzolosulloglio.bs.it
Paratico,http://www.comuni-italiani.it/017/134/index.html,sindaco@comune.paratico.bs.it
Passirano,http://www.comuni-italiani.it/017/136/index.html,info@comune.passirano.bs.it
Pertica Alta,http://www.comuni-italiani.it/017/139/index.html,info@comune.perticaalta.bs.it
Pertica Bassa,http://www.comuni-italiani.it/017/140/index.html,info@comune.perticabassa.bs.it
Pian Camuno,http://www.comuni-italiani.it/017/142/index.html,info@comune.piancamuno.bs.it
Piancogno,http://www.comuni-italiani.it/017/206/index.html,info@comune.piancogno.bs.it
Pisogne,http://www.comuni-italiani.it/017/143/index.html,info@comune.pisogne.bs.it
Pompiano,http://www.comuni-italiani.it/017/146/index.html,info@comune.pompiano.brescia.it
Poncarale,http://www.comuni-italiani.it/017/147/index.html,segreteria@comune.poncarale.brescia.it
Ponte di Legno,http://www.comuni-italiani.it/017/148/index.html,info@comune.ponte-di-legno.bs.it
Pontevico,http://www.comuni-italiani.it/017/149/index.html,comune@comune.pontevico.bs.it
Pontoglio,http://www.comuni-italiani.it/017/150/index.html,info@comunedipontoglio.eu
Pozzolengo,http://www.comuni-italiani.it/017/151/index.html,info@comune.pozzolengo.bs.it
Pralboino,http://www.comuni-italiani.it/017/152/index.html,info@comune.pralboino.bs.it
Preseglie,http://www.comuni-italiani.it/017/153/index.html,info@comune.preseglie.bs.it
Prevalle,http://www.comuni-italiani.it/017/155/index.html,segreteria@comune.prevalle.bs.it
Provaglio Val Sabbia,http://www.comuni-italiani.it/017/157/index.html,info@comune.provagliovalsabbia.bs.it
Puegnago sul Garda,http://www.comuni-italiani.it/017/158/index.html,segreteria@comune.puegnagodelgarda.bs.it
Quinzano d'Oglio,http://www.comuni-italiani.it/017/159/index.html,segreteria@quinzano.it
Remedello,http://www.comuni-italiani.it/017/160/index.html,info@comune.remedello.bs.it
Rezzato,http://www.comuni-italiani.it/017/161/index.html,comune@comune.rezzato.bs.it
Roccafranca,http://www.comuni-italiani.it/017/162/index.html,segretario@comune.roccafranca.bs.it
Roè Volciano,http://www.comuni-italiani.it/017/164/index.html,info@comune.roevolciano.bs.it
Rovato,http://www.comuni-italiani.it/017/166/index.html,ufficio.segreteria@comune.rovato.bs.it
Rudiano,http://www.comuni-italiani.it/017/167/index.html,segreteria@comunerudiano.it
Salò,http://www.comuni-italiani.it/017/170/index.html,segreteria.generale@comune.salo.bs.it
San Felice del Benaco,http://www.comuni-italiani.it/017/171/index.html,sindaco@comune.sanfelicedelbenaco.bs.it
San Paolo,http://www.comuni-italiani.it/017/138/index.html,info@comune.sanpaolo.bs.it
San Zeno Naviglio,http://www.comuni-italiani.it/017/173/index.html,sindaco@comune.sanzenonaviglio.bs.it
Sarezzo,http://www.comuni-italiani.it/017/174/index.html,comune.sarezzo@comune.sarezzo.bs.it
Saviore dell'Adamello,http://www.comuni-italiani.it/017/175/index.html,info@comune.saviore-delladamello.bs.it
Serle,http://www.comuni-italiani.it/017/178/index.html,segreteria@comune.serle.bs.it
Soiano del Lago,http://www.comuni-italiani.it/017/180/index.html,protocollo@soiano.com
Tignale,http://www.comuni-italiani.it/017/185/index.html,sindaco@comune.tignale.bs.it
Torbole Casaglia,http://www.comuni-italiani.it/017/186/index.html,demografici@comune.torbole-casaglia.bs.it
Travagliato,http://www.comuni-italiani.it/017/188/index.html,info@comune.travagliato.bs.it
Tremosine sul Garda,http://www.comuni-italiani.it/017/189/index.html,info@comunetremosine.it
Treviso Bresciano,http://www.comuni-italiani.it/017/191/index.html,info@comune.trevisobresciano.bs.it
Urago d'Oglio,http://www.comuni-italiani.it/017/192/index.html,sindaco@comune.uragodoglio.bs.it
Vallio Terme,http://www.comuni-italiani.it/017/193/index.html,info@comune.vallioterme.bs.it
Valvestino,http://www.comuni-italiani.it/017/194/index.html,info@comune.valvestino.bs.it
Verolavecchia,http://www.comuni-italiani.it/017/196/index.html,sindaco@comune.verolavecchia.bs.it
Vestone,http://www.comuni-italiani.it/017/197/index.html,segretario@comune.vestone.bs.it
Villa Carcina,http://www.comuni-italiani.it/017/199/index.html,comune@comune.villacarcina.bs.it
Villanuova sul Clisi,http://www.comuni-italiani.it/017/201/index.html,info@comune.villanuova-sul-clisi.bs.it
Visano,http://www.comuni-italiani.it/017/203/index.html,segreteria@comune.visano.bs.it
Zone,http://www.comuni-italiani.it/017/205/index.html,info@comune.zone.bs.it
