Acquafredda,http://www.comuni-italiani.it/017/001/index.html
Adro,http://www.comuni-italiani.it/017/002/index.html
Agnosine,http://www.comuni-italiani.it/017/003/index.html
Alfianello,http://www.comuni-italiani.it/017/004/index.html
Anfo,http://www.comuni-italiani.it/017/005/index.html
Angolo Terme,http://www.comuni-italiani.it/017/006/index.html
Artogne,http://www.comuni-italiani.it/017/007/index.html
Azzano Mella,http://www.comuni-italiani.it/017/008/index.html
Bagnolo Mella,http://www.comuni-italiani.it/017/009/index.html
Bagolino,http://www.comuni-italiani.it/017/010/index.html
Barbariga,http://www.comuni-italiani.it/017/011/index.html
Barghe,http://www.comuni-italiani.it/017/012/index.html
Bassano Bresciano,http://www.comuni-italiani.it/017/013/index.html
Bedizzole,http://www.comuni-italiani.it/017/014/index.html
Berlingo,http://www.comuni-italiani.it/017/015/index.html
Berzo Demo,http://www.comuni-italiani.it/017/016/index.html
Berzo Inferiore,http://www.comuni-italiani.it/017/017/index.html
Bienno,http://www.comuni-italiani.it/017/018/index.html
Bione,http://www.comuni-italiani.it/017/019/index.html
Borgo San Giacomo,http://www.comuni-italiani.it/017/020/index.html
Borgosatollo,http://www.comuni-italiani.it/017/021/index.html
Borno,http://www.comuni-italiani.it/017/022/index.html
Botticino,http://www.comuni-italiani.it/017/023/index.html
Bovegno,http://www.comuni-italiani.it/017/024/index.html
Bovezzo,http://www.comuni-italiani.it/017/025/index.html
Brandico,http://www.comuni-italiani.it/017/026/index.html
Braone,http://www.comuni-italiani.it/017/027/index.html
Breno,http://www.comuni-italiani.it/017/028/index.html
Brescia,http://www.comuni-italiani.it/017/029/index.html
Brione,http://www.comuni-italiani.it/017/030/index.html
Caino,http://www.comuni-italiani.it/017/031/index.html
Calcinato,http://www.comuni-italiani.it/017/032/index.html
Calvagese della Riviera,http://www.comuni-italiani.it/017/033/index.html
Calvisano,http://www.comuni-italiani.it/017/034/index.html
Capo di Ponte,http://www.comuni-italiani.it/017/035/index.html
Capovalle,http://www.comuni-italiani.it/017/036/index.html
Capriano del Colle,http://www.comuni-italiani.it/017/037/index.html
Capriolo,http://www.comuni-italiani.it/017/038/index.html
Carpenedolo,http://www.comuni-italiani.it/017/039/index.html
Castegnato,http://www.comuni-italiani.it/017/040/index.html
Castel Mella,http://www.comuni-italiani.it/017/042/index.html
Castelcovati,http://www.comuni-italiani.it/017/041/index.html
Castenedolo,http://www.comuni-italiani.it/017/043/index.html
Casto,http://www.comuni-italiani.it/017/044/index.html
Castrezzato,http://www.comuni-italiani.it/017/045/index.html
Cazzago San Martino,http://www.comuni-italiani.it/017/046/index.html
Cedegolo,http://www.comuni-italiani.it/017/047/index.html
Cellatica,http://www.comuni-italiani.it/017/048/index.html
Cerveno,http://www.comuni-italiani.it/017/049/index.html
Ceto,http://www.comuni-italiani.it/017/050/index.html
Cevo,http://www.comuni-italiani.it/017/051/index.html
Chiari,http://www.comuni-italiani.it/017/052/index.html
Cigole,http://www.comuni-italiani.it/017/053/index.html
Cimbergo,http://www.comuni-italiani.it/017/054/index.html
Cividate Camuno,http://www.comuni-italiani.it/017/055/index.html
Coccaglio,http://www.comuni-italiani.it/017/056/index.html
Collebeato,http://www.comuni-italiani.it/017/057/index.html
Collio,http://www.comuni-italiani.it/017/058/index.html
Cologne,http://www.comuni-italiani.it/017/059/index.html
Comezzano-Cizzago,http://www.comuni-italiani.it/017/060/index.html
Concesio,http://www.comuni-italiani.it/017/061/index.html
Corte Franca,http://www.comuni-italiani.it/017/062/index.html
Corteno Golgi,http://www.comuni-italiani.it/017/063/index.html
Corzano,http://www.comuni-italiani.it/017/064/index.html
Darfo Boario Terme,http://www.comuni-italiani.it/017/065/index.html
Dello,http://www.comuni-italiani.it/017/066/index.html
Desenzano del Garda,http://www.comuni-italiani.it/017/067/index.html
Edolo,http://www.comuni-italiani.it/017/068/index.html
Erbusco,http://www.comuni-italiani.it/017/069/index.html
Esine,http://www.comuni-italiani.it/017/070/index.html
Fiesse,http://www.comuni-italiani.it/017/071/index.html
Flero,http://www.comuni-italiani.it/017/072/index.html
Gambara,http://www.comuni-italiani.it/017/073/index.html
Gardone Riviera,http://www.comuni-italiani.it/017/074/index.html
Gardone Val Trompia,http://www.comuni-italiani.it/017/075/index.html
Gargnano,http://www.comuni-italiani.it/017/076/index.html
Gavardo,http://www.comuni-italiani.it/017/077/index.html
Ghedi,http://www.comuni-italiani.it/017/078/index.html
Gianico,http://www.comuni-italiani.it/017/079/index.html
Gottolengo,http://www.comuni-italiani.it/017/080/index.html
Gussago,http://www.comuni-italiani.it/017/081/index.html
Idro,http://www.comuni-italiani.it/017/082/index.html
Incudine,http://www.comuni-italiani.it/017/083/index.html
Irma,http://www.comuni-italiani.it/017/084/index.html
Iseo,http://www.comuni-italiani.it/017/085/index.html
Isorella,http://www.comuni-italiani.it/017/086/index.html
Lavenone,http://www.comuni-italiani.it/017/087/index.html
Leno,http://www.comuni-italiani.it/017/088/index.html
Limone sul Garda,http://www.comuni-italiani.it/017/089/index.html
Lodrino,http://www.comuni-italiani.it/017/090/index.html
Lograto,http://www.comuni-italiani.it/017/091/index.html
Lonato del Garda,http://www.comuni-italiani.it/017/092/index.html
Longhena,http://www.comuni-italiani.it/017/093/index.html
Losine,http://www.comuni-italiani.it/017/094/index.html
Lozio,http://www.comuni-italiani.it/017/095/index.html
Lumezzane,http://www.comuni-italiani.it/017/096/index.html
Maclodio,http://www.comuni-italiani.it/017/097/index.html
Magasa,http://www.comuni-italiani.it/017/098/index.html
Mairano,http://www.comuni-italiani.it/017/099/index.html
Malegno,http://www.comuni-italiani.it/017/100/index.html
Malonno,http://www.comuni-italiani.it/017/101/index.html
Manerba del Garda,http://www.comuni-italiani.it/017/102/index.html
Manerbio,http://www.comuni-italiani.it/017/103/index.html
Marcheno,http://www.comuni-italiani.it/017/104/index.html
Marmentino,http://www.comuni-italiani.it/017/105/index.html
Marone,http://www.comuni-italiani.it/017/106/index.html
Mazzano,http://www.comuni-italiani.it/017/107/index.html
Milzano,http://www.comuni-italiani.it/017/108/index.html
Moniga del Garda,http://www.comuni-italiani.it/017/109/index.html
Monno,http://www.comuni-italiani.it/017/110/index.html
Monte Isola,http://www.comuni-italiani.it/017/111/index.html
Monticelli Brusati,http://www.comuni-italiani.it/017/112/index.html
Montichiari,http://www.comuni-italiani.it/017/113/index.html
Montirone,http://www.comuni-italiani.it/017/114/index.html
Mura,http://www.comuni-italiani.it/017/115/index.html
Muscoline,http://www.comuni-italiani.it/017/116/index.html
Nave,http://www.comuni-italiani.it/017/117/index.html
Niardo,http://www.comuni-italiani.it/017/118/index.html
Nuvolento,http://www.comuni-italiani.it/017/119/index.html
Nuvolera,http://www.comuni-italiani.it/017/120/index.html
Odolo,http://www.comuni-italiani.it/017/121/index.html
Offlaga,http://www.comuni-italiani.it/017/122/index.html
Ome,http://www.comuni-italiani.it/017/123/index.html
Ono San Pietro,http://www.comuni-italiani.it/017/124/index.html
Orzinuovi,http://www.comuni-italiani.it/017/125/index.html
Orzivecchi,http://www.comuni-italiani.it/017/126/index.html
Ospitaletto,http://www.comuni-italiani.it/017/127/index.html
Ossimo,http://www.comuni-italiani.it/017/128/index.html
Padenghe sul Garda,http://www.comuni-italiani.it/017/129/index.html
Paderno Franciacorta,http://www.comuni-italiani.it/017/130/index.html
Paisco Loveno,http://www.comuni-italiani.it/017/131/index.html
Paitone,http://www.comuni-italiani.it/017/132/index.html
Palazzolo sull'Oglio,http://www.comuni-italiani.it/017/133/index.html
Paratico,http://www.comuni-italiani.it/017/134/index.html
Paspardo,http://www.comuni-italiani.it/017/135/index.html
Passirano,http://www.comuni-italiani.it/017/136/index.html
Pavone del Mella,http://www.comuni-italiani.it/017/137/index.html
Pertica Alta,http://www.comuni-italiani.it/017/139/index.html
Pertica Bassa,http://www.comuni-italiani.it/017/140/index.html
Pezzaze,http://www.comuni-italiani.it/017/141/index.html
Pian Camuno,http://www.comuni-italiani.it/017/142/index.html
Piancogno,http://www.comuni-italiani.it/017/206/index.html
Pisogne,http://www.comuni-italiani.it/017/143/index.html
Polaveno,http://www.comuni-italiani.it/017/144/index.html
Polpenazze del Garda,http://www.comuni-italiani.it/017/145/index.html
Pompiano,http://www.comuni-italiani.it/017/146/index.html
Poncarale,http://www.comuni-italiani.it/017/147/index.html
Ponte di Legno,http://www.comuni-italiani.it/017/148/index.html
Pontevico,http://www.comuni-italiani.it/017/149/index.html
Pontoglio,http://www.comuni-italiani.it/017/150/index.html
Pozzolengo,http://www.comuni-italiani.it/017/151/index.html
Pralboino,http://www.comuni-italiani.it/017/152/index.html
Preseglie,http://www.comuni-italiani.it/017/153/index.html
Prevalle,http://www.comuni-italiani.it/017/155/index.html
Provaglio d'Iseo,http://www.comuni-italiani.it/017/156/index.html
Provaglio Val Sabbia,http://www.comuni-italiani.it/017/157/index.html
Puegnago sul Garda,http://www.comuni-italiani.it/017/158/index.html
Quinzano d'Oglio,http://www.comuni-italiani.it/017/159/index.html
Remedello,http://www.comuni-italiani.it/017/160/index.html
Rezzato,http://www.comuni-italiani.it/017/161/index.html
Roccafranca,http://www.comuni-italiani.it/017/162/index.html
Rodengo Saiano,http://www.comuni-italiani.it/017/163/index.html
Roè Volciano,http://www.comuni-italiani.it/017/164/index.html
Roncadelle,http://www.comuni-italiani.it/017/165/index.html
Rovato,http://www.comuni-italiani.it/017/166/index.html
Rudiano,http://www.comuni-italiani.it/017/167/index.html
Sabbio Chiese,http://www.comuni-italiani.it/017/168/index.html
Sale Marasino,http://www.comuni-italiani.it/017/169/index.html
Salò,http://www.comuni-italiani.it/017/170/index.html
San Felice del Benaco,http://www.comuni-italiani.it/017/171/index.html
San Gervasio Bresciano,http://www.comuni-italiani.it/017/172/index.html
San Paolo,http://www.comuni-italiani.it/017/138/index.html
San Zeno Naviglio,http://www.comuni-italiani.it/017/173/index.html
Sarezzo,http://www.comuni-italiani.it/017/174/index.html
Saviore dell'Adamello,http://www.comuni-italiani.it/017/175/index.html
Sellero,http://www.comuni-italiani.it/017/176/index.html
Seniga,http://www.comuni-italiani.it/017/177/index.html
Serle,http://www.comuni-italiani.it/017/178/index.html
Sirmione,http://www.comuni-italiani.it/017/179/index.html
Soiano del Lago,http://www.comuni-italiani.it/017/180/index.html
Sonico,http://www.comuni-italiani.it/017/181/index.html
Sulzano,http://www.comuni-italiani.it/017/182/index.html
Tavernole sul Mella,http://www.comuni-italiani.it/017/183/index.html
Temù,http://www.comuni-italiani.it/017/184/index.html
Tignale,http://www.comuni-italiani.it/017/185/index.html
Torbole Casaglia,http://www.comuni-italiani.it/017/186/index.html
Toscolano-Maderno,http://www.comuni-italiani.it/017/187/index.html
Travagliato,http://www.comuni-italiani.it/017/188/index.html
Tremosine sul Garda,http://www.comuni-italiani.it/017/189/index.html
Trenzano,http://www.comuni-italiani.it/017/190/index.html
Treviso Bresciano,http://www.comuni-italiani.it/017/191/index.html
Urago d'Oglio,http://www.comuni-italiani.it/017/192/index.html
Vallio Terme,http://www.comuni-italiani.it/017/193/index.html
Valvestino,http://www.comuni-italiani.it/017/194/index.html
Verolanuova,http://www.comuni-italiani.it/017/195/index.html
Verolavecchia,http://www.comuni-italiani.it/017/196/index.html
Vestone,http://www.comuni-italiani.it/017/197/index.html
Vezza d'Oglio,http://www.comuni-italiani.it/017/198/index.html
Villa Carcina,http://www.comuni-italiani.it/017/199/index.html
Villachiara,http://www.comuni-italiani.it/017/200/index.html
Villanuova sul Clisi,http://www.comuni-italiani.it/017/201/index.html
Vione,http://www.comuni-italiani.it/017/202/index.html
Visano,http://www.comuni-italiani.it/017/203/index.html
Vobarno,http://www.comuni-italiani.it/017/204/index.html
Zone,http://www.comuni-italiani.it/017/205/index.html
,http://www.comuni-italiani.it/017/
,http://www.comuni-italiani.it/017/
