Albavilla,http://www.comuni-italiani.it/013/003/index.html,info@comune.albavilla.co.it
Albese con Cassano,http://www.comuni-italiani.it/013/004/index.html,sindaco@albese.it
Albiolo,http://www.comuni-italiani.it/013/005/index.html,info@comune.albiolo.co.it
Alserio,http://www.comuni-italiani.it/013/006/index.html,info@comune.alserio.co.it
Alzate Brianza,http://www.comuni-italiani.it/013/007/index.html,info@comune.alzate-brianza.co.it
Anzano del Parco,http://www.comuni-italiani.it/013/009/index.html,info@comune.anzano.co.it
Appiano Gentile,http://www.comuni-italiani.it/013/010/index.html,segreteria@comune.appianogentile.co.it
Argegno,http://www.comuni-italiani.it/013/011/index.html,info@comune.argegno.co.it
Arosio,http://www.comuni-italiani.it/013/012/index.html,info@comune.arosio.co.it
Barni,http://www.comuni-italiani.it/013/015/index.html,info@comune.barni.co.it
Bellagio,http://www.comuni-italiani.it/013/250/index.html,segreteria@comune.bellagio.co.it
Beregazzo con Figliaro,http://www.comuni-italiani.it/013/022/index.html,sindaco@comune.beregazzoconfigliaro.co.it
Binago,http://www.comuni-italiani.it/013/023/index.html,info@comune.binago.co.it
Blessagno,http://www.comuni-italiani.it/013/025/index.html,segretario@comune.blessagno.co.it
Blevio,http://www.comuni-italiani.it/013/026/index.html,biblioteca@comune.blevio.co.it
Bregnano,http://www.comuni-italiani.it/013/028/index.html,segreteria@comune.bregnano.co.it
Brienno,http://www.comuni-italiani.it/013/030/index.html,info@comune.brienno.co.it
Brunate,http://www.comuni-italiani.it/013/032/index.html,info@comune.brunate.co.it
Cabiate,http://www.comuni-italiani.it/013/035/index.html,info@comune.cabiate.co.it
Cadorago,http://www.comuni-italiani.it/013/036/index.html,segreteria@comune.cadorago.co.it
Caglio,http://www.comuni-italiani.it/013/037/index.html,info@comune.caglio.co.it
Cagno,http://www.comuni-italiani.it/013/038/index.html,anagrafe@comune.cagno.co.it
Campione d'Italia,http://www.comuni-italiani.it/013/040/index.html,protocollo@comunecampione.ch
Cantù,http://www.comuni-italiani.it/013/041/index.html,sindaco@comune.cantu.co.it
Canzo,http://www.comuni-italiani.it/013/042/index.html,segreteria@comune.canzo.co.it
Capiago Intimiano,http://www.comuni-italiani.it/013/043/index.html,tributi@comune.capiago-intimiano.co.it
Carate Urio,http://www.comuni-italiani.it/013/044/index.html,sindaco@comune.carateurio.co.it
Carbonate,http://www.comuni-italiani.it/013/045/index.html,info@comune.carbonate.co.it
Carimate,http://www.comuni-italiani.it/013/046/index.html,info@comunecarimate.it
Carugo,http://www.comuni-italiani.it/013/048/index.html,info@comune.carugo.co.it
Casasco d'Intelvi,http://www.comuni-italiani.it/013/050/index.html,info@comune.casascodintelvi.co.it
Caslino d'Erba,http://www.comuni-italiani.it/013/052/index.html,info@comune.caslinoderba.co.it
Cassina Rizzardi,http://www.comuni-italiani.it/013/055/index.html,segreteria@cassinarizzardi.com
Castelmarte,http://www.comuni-italiani.it/013/058/index.html,comune@comune.castelmarte.co.it
Castelnuovo Bozzente,http://www.comuni-italiani.it/013/059/index.html,comune@comune.castelnuovobozzente.co.it
Castiglione d'Intelvi,http://www.comuni-italiani.it/013/060/index.html,info@comune.castiglionedintelvi.co.it
Cavallasca,http://www.comuni-italiani.it/013/061/index.html,ufficio.sindaco@comune.cavallasca.co.it
Cermenate,http://www.comuni-italiani.it/013/064/index.html,affarigenerali@comune.cermenate.co.it
Claino con Osteno,http://www.comuni-italiani.it/013/071/index.html,info@comune.clainoconosteno.co.it
Colverde,http://www.comuni-italiani.it/013/251/index.html,segreteria@comune.colverde.co.it
Como,http://www.comuni-italiani.it/013/075/index.html,urp@comune.como.it
Corrido,http://www.comuni-italiani.it/013/077/index.html,anagrafe@comune.corrido.co.it
Cucciago,http://www.comuni-italiani.it/013/084/index.html,ufficio.info@comune.cucciago.co.it
Cusino,http://www.comuni-italiani.it/013/085/index.html,comunecusino@vivicusino.org
Domaso,http://www.comuni-italiani.it/013/089/index.html,segreteria@comunedomaso.it
Dosso del Liro,http://www.comuni-italiani.it/013/092/index.html,info@comune.dossodelliro.co.it
Erba,http://www.comuni-italiani.it/013/095/index.html,sindaco@comune.erba.co.it
Eupilio,http://www.comuni-italiani.it/013/097/index.html,sindaco@comune.eupilio.co.it
Faggeto Lario,http://www.comuni-italiani.it/013/098/index.html,info@comune.faggetolario.co.it
Faloppio,http://www.comuni-italiani.it/013/099/index.html,info@comune.faloppio.co.it
Fenegrò,http://www.comuni-italiani.it/013/100/index.html,info@comune.fenegro.co.it
Figino Serenza,http://www.comuni-italiani.it/013/101/index.html,comune@comune.figinoserenza.co.it
Fino Mornasco,http://www.comuni-italiani.it/013/102/index.html,info@comune.finomornasco.co.it
Gera Lario,http://www.comuni-italiani.it/013/107/index.html,anagrafe@comune.geralario.co.it
Grandate,http://www.comuni-italiani.it/013/110/index.html,sindaco@comune.grandate.co.it
Gravedona ed Uniti,http://www.comuni-italiani.it/013/249/index.html,info@comune.gravedonaeduniti.co.it
Guanzate,http://www.comuni-italiani.it/013/114/index.html,sindaco@comune.guanzate.co.it
Inverigo,http://www.comuni-italiani.it/013/118/index.html,protocollo.urp@comune.inverigo.co.it
Laglio,http://www.comuni-italiani.it/013/119/index.html,segretario@comune.laglio.co.it
Laino,http://www.comuni-italiani.it/013/120/index.html,info@comune.laino.co.it
Lambrugo,http://www.comuni-italiani.it/013/121/index.html,sindaco.lambrugo@comune.lambrugo.co.it
Lanzo d'Intelvi,http://www.comuni-italiani.it/013/122/index.html,segreteria@comune.lanzodintelvi.co.it
Lezzeno,http://www.comuni-italiani.it/013/126/index.html,info@comune.lezzeno.co.it
Lipomo,http://www.comuni-italiani.it/013/129/index.html,segreteria@comune.lipomo.co.it
Livo,http://www.comuni-italiani.it/013/130/index.html,info@comune.livo.co.it
Locate Varesino,http://www.comuni-italiani.it/013/131/index.html,sindaco@comune.locatevaresino.co.it
Lomazzo,http://www.comuni-italiani.it/013/133/index.html,sindaco@comune.lomazzo.co.it
Longone al Segrino,http://www.comuni-italiani.it/013/134/index.html,info@comune.longonealsegrino.co.it
Luisago,http://www.comuni-italiani.it/013/135/index.html,sindaco@comune.luisago.co.it
Lurago d'Erba,http://www.comuni-italiani.it/013/136/index.html,segreteria@comune.luragoderba.co.it
Lurate Caccivio,http://www.comuni-italiani.it/013/138/index.html,segreteria@comune.luratecaccivio.co.it
Mariano Comense,http://www.comuni-italiani.it/013/143/index.html,sindaco@comune.mariano-comense.co.it
Maslianico,http://www.comuni-italiani.it/013/144/index.html,info@comune.maslianico.co.it
Menaggio,http://www.comuni-italiani.it/013/145/index.html,info@comune.menaggio.co.it
Merone,http://www.comuni-italiani.it/013/147/index.html,info@comune.merone.co.it
Moltrasio,http://www.comuni-italiani.it/013/152/index.html,segretario@comune.moltrasio.co.it
Monguzzo,http://www.comuni-italiani.it/013/153/index.html,sindaco@comune.monguzzo.co.it
Montano Lucino,http://www.comuni-italiani.it/013/154/index.html,segreteria@comune.montanolucino.co.it
Montemezzo,http://www.comuni-italiani.it/013/155/index.html,info@comune.montemezzo.co.it
Montorfano,http://www.comuni-italiani.it/013/157/index.html,info@comune.montorfano.co.it
Mozzate,http://www.comuni-italiani.it/013/159/index.html,urp@comune.mozzate.co.it
Musso,http://www.comuni-italiani.it/013/160/index.html,segreteria@comune.musso.co.it
Nesso,http://www.comuni-italiani.it/013/161/index.html,info@comune.nesso.co.it
Novedrate,http://www.comuni-italiani.it/013/163/index.html,comune@comune.novedrate.co.it
Olgiate Comasco,http://www.comuni-italiani.it/013/165/index.html,info@comune.olgiate-comasco.co.it
Oltrona di San Mamette,http://www.comuni-italiani.it/013/169/index.html,info@comune.oltronadisanmamette.co.it
Orsenigo,http://www.comuni-italiani.it/013/170/index.html,sindaco@comune.orsenigo.co.it
Pellio Intelvi,http://www.comuni-italiani.it/013/179/index.html,protocollo@comune.pelliointelvi.co.it
Pianello del Lario,http://www.comuni-italiani.it/013/183/index.html,info@comune.pianellodellario.co.it
Plesio,http://www.comuni-italiani.it/013/185/index.html,ragioneria@comune.plesio.co.it
Pognana Lario,http://www.comuni-italiani.it/013/186/index.html,info@comune.pognanalario.co.it
Ponna,http://www.comuni-italiani.it/013/187/index.html,info@comune.ponna.co.it
Ponte Lambro,http://www.comuni-italiani.it/013/188/index.html,info@comune.pontelambro.co.it
Porlezza,http://www.comuni-italiani.it/013/189/index.html,segreteria@comune.porlezza.co.it
Proserpio,http://www.comuni-italiani.it/013/192/index.html,info@comune.proserpio.co.it
Ramponio Verna,http://www.comuni-italiani.it/013/194/index.html,info@comune.ramponioverna.co.it
Rezzago,http://www.comuni-italiani.it/013/195/index.html,info@comune.rezzago.co.it
Rodero,http://www.comuni-italiani.it/013/197/index.html,info@comune.rodero.co.it
Ronago,http://www.comuni-italiani.it/013/199/index.html,sindaco@comune.ronago.co.it
Rovellasca,http://www.comuni-italiani.it/013/201/index.html,segreteria@comune.rovellasca.co.it
Rovello Porro,http://www.comuni-italiani.it/013/202/index.html,comune@comune.rovelloporro.co.it
San Fedele Intelvi,http://www.comuni-italiani.it/013/205/index.html,segreteria@comune.sanfedeleintelvi.co.it
San Fermo della Battaglia,http://www.comuni-italiani.it/013/206/index.html,sindaco@comune.sanfermodellabattaglia.co.it
San Nazzaro Val Cavargna,http://www.comuni-italiani.it/013/207/index.html,segreteria@comune.sannazzarovalcavargna.co.it
San Siro,http://www.comuni-italiani.it/013/248/index.html,info@comune.sansiro.co.it
Senna Comasco,http://www.comuni-italiani.it/013/212/index.html,urprelazionipubbliche@comune.sennacomasco.co.it
Solbiate,http://www.comuni-italiani.it/013/215/index.html,info@comune.solbiate.co.it
Sorico,http://www.comuni-italiani.it/013/216/index.html,sindaco@comune.sorico.co.it
Sormano,http://www.comuni-italiani.it/013/217/index.html,info@comune.sormano.co.it
Stazzona,http://www.comuni-italiani.it/013/218/index.html,info@comune.stazzona.co.it
Tavernerio,http://www.comuni-italiani.it/013/222/index.html,segretario@comune.tavernerio.co.it
Torno,http://www.comuni-italiani.it/013/223/index.html,info@comune.torno.co.it
Tremezzina,http://www.comuni-italiani.it/013/252/index.html,info@comune.tremezzina.co.it
Trezzone,http://www.comuni-italiani.it/013/226/index.html,info@comune.trezzone.co.it
Uggiate-Trevano,http://www.comuni-italiani.it/013/228/index.html,info@comune.uggiate-trevano.co.it
Valbrona,http://www.comuni-italiani.it/013/229/index.html,info@comune.valbrona.co.it
Valmorea,http://www.comuni-italiani.it/013/232/index.html,info@comune.valmorea.co.it
Veleso,http://www.comuni-italiani.it/013/236/index.html,info@comune.veleso.co.it
Veniano,http://www.comuni-italiani.it/013/238/index.html,info@comunediveniano.it
Vercana,http://www.comuni-italiani.it/013/239/index.html,segretario@comune.vercana.co.it
Vertemate con Minoprio,http://www.comuni-italiani.it/013/242/index.html,info@comune.vertemateconminoprio.co.it
Zelbio,http://www.comuni-italiani.it/013/246/index.html,info@comune.zelbio.co.it
