Albavilla,http://www.comuni-italiani.it/013/003/index.html
Albese con Cassano,http://www.comuni-italiani.it/013/004/index.html
Albiolo,http://www.comuni-italiani.it/013/005/index.html
Alserio,http://www.comuni-italiani.it/013/006/index.html
Alzate Brianza,http://www.comuni-italiani.it/013/007/index.html
Anzano del Parco,http://www.comuni-italiani.it/013/009/index.html
Appiano Gentile,http://www.comuni-italiani.it/013/010/index.html
Argegno,http://www.comuni-italiani.it/013/011/index.html
Arosio,http://www.comuni-italiani.it/013/012/index.html
Asso,http://www.comuni-italiani.it/013/013/index.html
Barni,http://www.comuni-italiani.it/013/015/index.html
Bellagio,http://www.comuni-italiani.it/013/250/index.html
Bene Lario,http://www.comuni-italiani.it/013/021/index.html
Beregazzo con Figliaro,http://www.comuni-italiani.it/013/022/index.html
Binago,http://www.comuni-italiani.it/013/023/index.html
Bizzarone,http://www.comuni-italiani.it/013/024/index.html
Blessagno,http://www.comuni-italiani.it/013/025/index.html
Blevio,http://www.comuni-italiani.it/013/026/index.html
Bregnano,http://www.comuni-italiani.it/013/028/index.html
Brenna,http://www.comuni-italiani.it/013/029/index.html
Brienno,http://www.comuni-italiani.it/013/030/index.html
Brunate,http://www.comuni-italiani.it/013/032/index.html
Bulgarograsso,http://www.comuni-italiani.it/013/034/index.html
Cabiate,http://www.comuni-italiani.it/013/035/index.html
Cadorago,http://www.comuni-italiani.it/013/036/index.html
Caglio,http://www.comuni-italiani.it/013/037/index.html
Cagno,http://www.comuni-italiani.it/013/038/index.html
Campione d'Italia,http://www.comuni-italiani.it/013/040/index.html
Cantù,http://www.comuni-italiani.it/013/041/index.html
Canzo,http://www.comuni-italiani.it/013/042/index.html
Capiago Intimiano,http://www.comuni-italiani.it/013/043/index.html
Carate Urio,http://www.comuni-italiani.it/013/044/index.html
Carbonate,http://www.comuni-italiani.it/013/045/index.html
Carimate,http://www.comuni-italiani.it/013/046/index.html
Carlazzo,http://www.comuni-italiani.it/013/047/index.html
Carugo,http://www.comuni-italiani.it/013/048/index.html
Casasco d'Intelvi,http://www.comuni-italiani.it/013/050/index.html
Caslino d'Erba,http://www.comuni-italiani.it/013/052/index.html
Casnate con Bernate,http://www.comuni-italiani.it/013/053/index.html
Cassina Rizzardi,http://www.comuni-italiani.it/013/055/index.html
Castelmarte,http://www.comuni-italiani.it/013/058/index.html
Castelnuovo Bozzente,http://www.comuni-italiani.it/013/059/index.html
Castiglione d'Intelvi,http://www.comuni-italiani.it/013/060/index.html
Cavallasca,http://www.comuni-italiani.it/013/061/index.html
Cavargna,http://www.comuni-italiani.it/013/062/index.html
Cerano d'Intelvi,http://www.comuni-italiani.it/013/063/index.html
Cermenate,http://www.comuni-italiani.it/013/064/index.html
Cernobbio,http://www.comuni-italiani.it/013/065/index.html
Cirimido,http://www.comuni-italiani.it/013/068/index.html
Claino con Osteno,http://www.comuni-italiani.it/013/071/index.html
Colonno,http://www.comuni-italiani.it/013/074/index.html
Colverde,http://www.comuni-italiani.it/013/251/index.html
Como,http://www.comuni-italiani.it/013/075/index.html
Corrido,http://www.comuni-italiani.it/013/077/index.html
Cremia,http://www.comuni-italiani.it/013/083/index.html
Cucciago,http://www.comuni-italiani.it/013/084/index.html
Cusino,http://www.comuni-italiani.it/013/085/index.html
Dizzasco,http://www.comuni-italiani.it/013/087/index.html
Domaso,http://www.comuni-italiani.it/013/089/index.html
Dongo,http://www.comuni-italiani.it/013/090/index.html
Dosso del Liro,http://www.comuni-italiani.it/013/092/index.html
Erba,http://www.comuni-italiani.it/013/095/index.html
Eupilio,http://www.comuni-italiani.it/013/097/index.html
Faggeto Lario,http://www.comuni-italiani.it/013/098/index.html
Faloppio,http://www.comuni-italiani.it/013/099/index.html
Fenegrò,http://www.comuni-italiani.it/013/100/index.html
Figino Serenza,http://www.comuni-italiani.it/013/101/index.html
Fino Mornasco,http://www.comuni-italiani.it/013/102/index.html
Garzeno,http://www.comuni-italiani.it/013/106/index.html
Gera Lario,http://www.comuni-italiani.it/013/107/index.html
Grandate,http://www.comuni-italiani.it/013/110/index.html
Grandola ed Uniti,http://www.comuni-italiani.it/013/111/index.html
Gravedona ed Uniti,http://www.comuni-italiani.it/013/249/index.html
Griante,http://www.comuni-italiani.it/013/113/index.html
Guanzate,http://www.comuni-italiani.it/013/114/index.html
Inverigo,http://www.comuni-italiani.it/013/118/index.html
Laglio,http://www.comuni-italiani.it/013/119/index.html
Laino,http://www.comuni-italiani.it/013/120/index.html
Lambrugo,http://www.comuni-italiani.it/013/121/index.html
Lanzo d'Intelvi,http://www.comuni-italiani.it/013/122/index.html
Lasnigo,http://www.comuni-italiani.it/013/123/index.html
Lezzeno,http://www.comuni-italiani.it/013/126/index.html
Limido Comasco,http://www.comuni-italiani.it/013/128/index.html
Lipomo,http://www.comuni-italiani.it/013/129/index.html
Livo,http://www.comuni-italiani.it/013/130/index.html
Locate Varesino,http://www.comuni-italiani.it/013/131/index.html
Lomazzo,http://www.comuni-italiani.it/013/133/index.html
Longone al Segrino,http://www.comuni-italiani.it/013/134/index.html
Luisago,http://www.comuni-italiani.it/013/135/index.html
Lurago d'Erba,http://www.comuni-italiani.it/013/136/index.html
Lurago Marinone,http://www.comuni-italiani.it/013/137/index.html
Lurate Caccivio,http://www.comuni-italiani.it/013/138/index.html
Magreglio,http://www.comuni-italiani.it/013/139/index.html
Mariano Comense,http://www.comuni-italiani.it/013/143/index.html
Maslianico,http://www.comuni-italiani.it/013/144/index.html
Menaggio,http://www.comuni-italiani.it/013/145/index.html
Merone,http://www.comuni-italiani.it/013/147/index.html
Moltrasio,http://www.comuni-italiani.it/013/152/index.html
Monguzzo,http://www.comuni-italiani.it/013/153/index.html
Montano Lucino,http://www.comuni-italiani.it/013/154/index.html
Montemezzo,http://www.comuni-italiani.it/013/155/index.html
Montorfano,http://www.comuni-italiani.it/013/157/index.html
Mozzate,http://www.comuni-italiani.it/013/159/index.html
Musso,http://www.comuni-italiani.it/013/160/index.html
Nesso,http://www.comuni-italiani.it/013/161/index.html
Novedrate,http://www.comuni-italiani.it/013/163/index.html
Olgiate Comasco,http://www.comuni-italiani.it/013/165/index.html
Oltrona di San Mamette,http://www.comuni-italiani.it/013/169/index.html
Orsenigo,http://www.comuni-italiani.it/013/170/index.html
Peglio,http://www.comuni-italiani.it/013/178/index.html
Pellio Intelvi,http://www.comuni-italiani.it/013/179/index.html
Pianello del Lario,http://www.comuni-italiani.it/013/183/index.html
Pigra,http://www.comuni-italiani.it/013/184/index.html
Plesio,http://www.comuni-italiani.it/013/185/index.html
Pognana Lario,http://www.comuni-italiani.it/013/186/index.html
Ponna,http://www.comuni-italiani.it/013/187/index.html
Ponte Lambro,http://www.comuni-italiani.it/013/188/index.html
Porlezza,http://www.comuni-italiani.it/013/189/index.html
Proserpio,http://www.comuni-italiani.it/013/192/index.html
Pusiano,http://www.comuni-italiani.it/013/193/index.html
Ramponio Verna,http://www.comuni-italiani.it/013/194/index.html
Rezzago,http://www.comuni-italiani.it/013/195/index.html
Rodero,http://www.comuni-italiani.it/013/197/index.html
Ronago,http://www.comuni-italiani.it/013/199/index.html
Rovellasca,http://www.comuni-italiani.it/013/201/index.html
Rovello Porro,http://www.comuni-italiani.it/013/202/index.html
Sala Comacina,http://www.comuni-italiani.it/013/203/index.html
San Bartolomeo Val Cavargna,http://www.comuni-italiani.it/013/204/index.html
San Fedele Intelvi,http://www.comuni-italiani.it/013/205/index.html
San Fermo della Battaglia,http://www.comuni-italiani.it/013/206/index.html
San Nazzaro Val Cavargna,http://www.comuni-italiani.it/013/207/index.html
San Siro,http://www.comuni-italiani.it/013/248/index.html
Schignano,http://www.comuni-italiani.it/013/211/index.html
Senna Comasco,http://www.comuni-italiani.it/013/212/index.html
Solbiate,http://www.comuni-italiani.it/013/215/index.html
Sorico,http://www.comuni-italiani.it/013/216/index.html
Sormano,http://www.comuni-italiani.it/013/217/index.html
Stazzona,http://www.comuni-italiani.it/013/218/index.html
Tavernerio,http://www.comuni-italiani.it/013/222/index.html
Torno,http://www.comuni-italiani.it/013/223/index.html
Tremezzina,http://www.comuni-italiani.it/013/252/index.html
Trezzone,http://www.comuni-italiani.it/013/226/index.html
Turate,http://www.comuni-italiani.it/013/227/index.html
Uggiate-Trevano,http://www.comuni-italiani.it/013/228/index.html
Val Rezzo,http://www.comuni-italiani.it/013/233/index.html
Valbrona,http://www.comuni-italiani.it/013/229/index.html
Valmorea,http://www.comuni-italiani.it/013/232/index.html
Valsolda,http://www.comuni-italiani.it/013/234/index.html
Veleso,http://www.comuni-italiani.it/013/236/index.html
Veniano,http://www.comuni-italiani.it/013/238/index.html
Vercana,http://www.comuni-italiani.it/013/239/index.html
Vertemate con Minoprio,http://www.comuni-italiani.it/013/242/index.html
Villa Guardia,http://www.comuni-italiani.it/013/245/index.html
Zelbio,http://www.comuni-italiani.it/013/246/index.html
,http://www.comuni-italiani.it/013/
,http://www.comuni-italiani.it/013/
