Agrate Brianza,http://www.comuni-italiani.it/108/001/index.html
Aicurzio,http://www.comuni-italiani.it/108/002/index.html
Albiate,http://www.comuni-italiani.it/108/003/index.html
Arcore,http://www.comuni-italiani.it/108/004/index.html
Barlassina,http://www.comuni-italiani.it/108/005/index.html
Bellusco,http://www.comuni-italiani.it/108/006/index.html
Bernareggio,http://www.comuni-italiani.it/108/007/index.html
Besana in Brianza,http://www.comuni-italiani.it/108/008/index.html
Biassono,http://www.comuni-italiani.it/108/009/index.html
Bovisio-Masciago,http://www.comuni-italiani.it/108/010/index.html
Briosco,http://www.comuni-italiani.it/108/011/index.html
Brugherio,http://www.comuni-italiani.it/108/012/index.html
Burago di Molgora,http://www.comuni-italiani.it/108/013/index.html
Busnago,http://www.comuni-italiani.it/108/051/index.html
Camparada,http://www.comuni-italiani.it/108/014/index.html
Caponago,http://www.comuni-italiani.it/108/052/index.html
Carate Brianza,http://www.comuni-italiani.it/108/015/index.html
Carnate,http://www.comuni-italiani.it/108/016/index.html
Cavenago di Brianza,http://www.comuni-italiani.it/108/017/index.html
Ceriano Laghetto,http://www.comuni-italiani.it/108/018/index.html
Cesano Maderno,http://www.comuni-italiani.it/108/019/index.html
Cogliate,http://www.comuni-italiani.it/108/020/index.html
Concorezzo,http://www.comuni-italiani.it/108/021/index.html
Cornate d'Adda,http://www.comuni-italiani.it/108/053/index.html
Correzzana,http://www.comuni-italiani.it/108/022/index.html
Desio,http://www.comuni-italiani.it/108/023/index.html
Giussano,http://www.comuni-italiani.it/108/024/index.html
Lazzate,http://www.comuni-italiani.it/108/025/index.html
Lentate sul Seveso,http://www.comuni-italiani.it/108/054/index.html
Lesmo,http://www.comuni-italiani.it/108/026/index.html
Limbiate,http://www.comuni-italiani.it/108/027/index.html
Lissone,http://www.comuni-italiani.it/108/028/index.html
Macherio,http://www.comuni-italiani.it/108/029/index.html
Meda,http://www.comuni-italiani.it/108/030/index.html
Mezzago,http://www.comuni-italiani.it/108/031/index.html
Misinto,http://www.comuni-italiani.it/108/032/index.html
Monza,http://www.comuni-italiani.it/108/033/index.html
Muggiò,http://www.comuni-italiani.it/108/034/index.html
Nova Milanese,http://www.comuni-italiani.it/108/035/index.html
Ornago,http://www.comuni-italiani.it/108/036/index.html
Renate,http://www.comuni-italiani.it/108/037/index.html
Roncello,http://www.comuni-italiani.it/108/055/index.html
Ronco Briantino,http://www.comuni-italiani.it/108/038/index.html
Seregno,http://www.comuni-italiani.it/108/039/index.html
Seveso,http://www.comuni-italiani.it/108/040/index.html
Sovico,http://www.comuni-italiani.it/108/041/index.html
Sulbiate,http://www.comuni-italiani.it/108/042/index.html
Triuggio,http://www.comuni-italiani.it/108/043/index.html
Usmate Velate,http://www.comuni-italiani.it/108/044/index.html
Varedo,http://www.comuni-italiani.it/108/045/index.html
Vedano al Lambro,http://www.comuni-italiani.it/108/046/index.html
Veduggio con Colzano,http://www.comuni-italiani.it/108/047/index.html
Verano Brianza,http://www.comuni-italiani.it/108/048/index.html
Villasanta,http://www.comuni-italiani.it/108/049/index.html
Vimercate,http://www.comuni-italiani.it/108/050/index.html
,http://www.comuni-italiani.it/108/
,http://www.comuni-italiani.it/108/
