Agrate Brianza,http://www.comuni-italiani.it/108/001/index.html,urp@comune.agratebrianza.mi.it
Aicurzio,http://www.comuni-italiani.it/108/002/index.html,comune@comune.aicurzio.mb.it
Albiate,http://www.comuni-italiani.it/108/003/index.html,protocollo@comune.albiate.mi.it
Arcore,http://www.comuni-italiani.it/108/004/index.html,info@comune.arcore.mi.it
Barlassina,http://www.comuni-italiani.it/108/005/index.html,posta@comunebarlassina.it
Bernareggio,http://www.comuni-italiani.it/108/007/index.html,protocollo@comune.bernareggio.mb.it
Besana in Brianza,http://www.comuni-italiani.it/108/008/index.html,urp@comunebesana.it
Biassono,http://www.comuni-italiani.it/108/009/index.html,borgomastro@biassono.org
Bovisio-Masciago,http://www.comuni-italiani.it/108/010/index.html,info@comune.bovisiomasciago.mb.it
Briosco,http://www.comuni-italiani.it/108/011/index.html,segreteria@comune.briosco.mi.it
Brugherio,http://www.comuni-italiani.it/108/012/index.html,urp@comune.brugherio.mb.it
Busnago,http://www.comuni-italiani.it/108/051/index.html,urp@comune.busnago.mb.it
Camparada,http://www.comuni-italiani.it/108/014/index.html,segreteria@comunecamparada.it
Caponago,http://www.comuni-italiani.it/108/052/index.html,info@comune.caponago.mb.it
Carate Brianza,http://www.comuni-italiani.it/108/015/index.html,urp@comune.caratebrianza.mb.it
Carnate,http://www.comuni-italiani.it/108/016/index.html,protocollo@comune.carnate.mb.it
Cavenago di Brianza,http://www.comuni-italiani.it/108/017/index.html,comunicazione@comune.cavenagobrianza.mb.it
Ceriano Laghetto,http://www.comuni-italiani.it/108/018/index.html,urp@comune.cerianolaghetto.mi.it
Cesano Maderno,http://www.comuni-italiani.it/108/019/index.html,urp@comune.cesano-maderno.mb.it
Concorezzo,http://www.comuni-italiani.it/108/021/index.html,urp@comune.concorezzo.mb.it
Cornate d'Adda,http://www.comuni-italiani.it/108/053/index.html,urp@comune.cornatedadda.mi.it
Correzzana,http://www.comuni-italiani.it/108/022/index.html,protocollo@comunecorezzana.it
Desio,http://www.comuni-italiani.it/108/023/index.html,sindaco@comune.desio.mb.it
Giussano,http://www.comuni-italiani.it/108/024/index.html,urp@comune.giussano.mb.it
Lazzate,http://www.comuni-italiani.it/108/025/index.html,sindaco@lazzate.com
Lentate sul Seveso,http://www.comuni-italiani.it/108/054/index.html,segreteria@comune.lentatesulseveso.mi.it
Limbiate,http://www.comuni-italiani.it/108/027/index.html,sindaco@comune.limbiate.mi.it
Lissone,http://www.comuni-italiani.it/108/028/index.html,sindaco@comune.lissone.mi.it
Macherio,http://www.comuni-italiani.it/108/029/index.html,urp@comune.concorezzo.mb.it
Meda,http://www.comuni-italiani.it/108/030/index.html,posta@comune.meda.mi.it
Mezzago,http://www.comuni-italiani.it/108/031/index.html,serviziallapersona@comune.mezzago.mi.it
Misinto,http://www.comuni-italiani.it/108/032/index.html,sindaco@misinto.info
Monza,http://www.comuni-italiani.it/108/033/index.html,sportelloalcittadino@comune.monza.it
Muggiò,http://www.comuni-italiani.it/108/034/index.html,urp@comune.muggio.mb.it
Nova Milanese,http://www.comuni-italiani.it/108/035/index.html,comune@novamilanese.it
Ornago,http://www.comuni-italiani.it/108/036/index.html,sindaco@comune.ornago.mb.it
Roncello,http://www.comuni-italiani.it/108/055/index.html,info@comune.roncello.mb.it
Ronco Briantino,http://www.comuni-italiani.it/108/038/index.html,sindacorb@comune.roncobriantino.mi.it
Seregno,http://www.comuni-italiani.it/108/039/index.html,staff.sindaco@seregno.info
Seveso,http://www.comuni-italiani.it/108/040/index.html,protocollo@comune.seveso.mb.it
Sovico,http://www.comuni-italiani.it/108/041/index.html,urp@comune.sovico.mi.it
Sulbiate,http://www.comuni-italiani.it/108/042/index.html,comunedisulbiate@comune.sulbiate.mb.it
Triuggio,http://www.comuni-italiani.it/108/043/index.html,urp@comune.triuggio.mb.it
Usmate Velate,http://www.comuni-italiani.it/108/044/index.html,protocollo@comune.usmatevelate.mi.it
Varedo,http://www.comuni-italiani.it/108/045/index.html,segreteriagenerale@comune.varedo.mi.it
Verano Brianza,http://www.comuni-italiani.it/108/048/index.html,segretario@comune.veranobrianza.mi.it
Villasanta,http://www.comuni-italiani.it/108/049/index.html,urp@comune.villasanta.mb.it
Vimercate,http://www.comuni-italiani.it/108/050/index.html,info@comune.vimercate.mb.it
