Albosaggia,http://www.comuni-italiani.it/014/002/index.html,info@comune.albosaggia.so.it
Aprica,http://www.comuni-italiani.it/014/004/index.html,protocollo@comune.aprica.so.it
Berbenno di Valtellina,http://www.comuni-italiani.it/014/007/index.html,info@comune.berbenno.so.it
Bianzone,http://www.comuni-italiani.it/014/008/index.html,protocollo@comune.bianzone.so.it
Bormio,http://www.comuni-italiani.it/014/009/index.html,info@comune.bormio.so.it
Caiolo,http://www.comuni-italiani.it/014/011/index.html,info@comune.caiolo.so.it
Campodolcino,http://www.comuni-italiani.it/014/012/index.html,info@comune.campodolcino.so.it
Caspoggio,http://www.comuni-italiani.it/014/013/index.html,info@comune.caspoggio.so.it
Castello dell'Acqua,http://www.comuni-italiani.it/014/014/index.html,sindaco@comune.castellodellacqua.so.it
Castione Andevenno,http://www.comuni-italiani.it/014/015/index.html,info@comune.castioneandevenno.so.it
Cedrasco,http://www.comuni-italiani.it/014/016/index.html,info@comune.cedrasco.so.it
Chiavenna,http://www.comuni-italiani.it/014/018/index.html,info@comune.chiavenna.so.it
Chiesa in Valmalenco,http://www.comuni-italiani.it/014/019/index.html,info@comune.chiesainvalmalenco.gov.it
Cino,http://www.comuni-italiani.it/014/021/index.html,amministrazione@comune.cino.so.it
Civo,http://www.comuni-italiani.it/014/022/index.html,info@comune.civo.so.it
Faedo Valtellino,http://www.comuni-italiani.it/014/028/index.html,info@comune.faedovaltellino.so.it
Gerola Alta,http://www.comuni-italiani.it/014/031/index.html,info@comune.gerolaalta.so.it
Gordona,http://www.comuni-italiani.it/014/032/index.html,info@comune.gordona.so.it
Grosio,http://www.comuni-italiani.it/014/033/index.html,protocollo@comune.grosio.so.it
Grosotto,http://www.comuni-italiani.it/014/034/index.html,protocollo@comune.grosotto.so.it
Livigno,http://www.comuni-italiani.it/014/037/index.html,segreteria@comune.livigno.so.it
Lovero,http://www.comuni-italiani.it/014/038/index.html,protocollo@comune.lovero.so.it
Mazzo di Valtellina,http://www.comuni-italiani.it/014/040/index.html,protocollo@comune.mazzo.so.it
Mello,http://www.comuni-italiani.it/014/041/index.html,amministrazione@comune.mello.so.it
Mese,http://www.comuni-italiani.it/014/043/index.html,comune.mese@provincia.so.it
Montagna in Valtellina,http://www.comuni-italiani.it/014/044/index.html,sindaco@comune.montagnainvaltellina.so.it
Piuro,http://www.comuni-italiani.it/014/050/index.html,ufficio.protocollo@comune.piuro.so.it
Poggiridenti,http://www.comuni-italiani.it/014/051/index.html,info@comune.poggiridenti.so.it
Prata Camportaccio,http://www.comuni-italiani.it/014/054/index.html,segreteria@comune.pratacamportaccio.so.it
Rogolo,http://www.comuni-italiani.it/014/056/index.html,acrogolo@provincia.so.it
Samolaco,http://www.comuni-italiani.it/014/057/index.html,info@comune.samolaco.so.it
San Giacomo Filippo,http://www.comuni-italiani.it/014/058/index.html,acsgfilippo@provincia.so.it
Sernio,http://www.comuni-italiani.it/014/059/index.html,protocollo@comune.sernio.so.it
Sondalo,http://www.comuni-italiani.it/014/060/index.html,info@comune.sondalo.so.it
Sondrio,http://www.comuni-italiani.it/014/061/index.html,info@comune.sondrio.it
Tartano,http://www.comuni-italiani.it/014/064/index.html,actartano@provincia.so.it
Tirano,http://www.comuni-italiani.it/014/066/index.html,ufficio.protocollo@comune.tirano.so.it
Tovo di Sant'Agata,http://www.comuni-italiani.it/014/068/index.html,protocollo@comune.tovo.so.it
Traona,http://www.comuni-italiani.it/014/069/index.html,actraona@provincia.so.it
Valdidentro,http://www.comuni-italiani.it/014/071/index.html,info@comune.valdidentro.so.it
Valdisotto,http://www.comuni-italiani.it/014/072/index.html,info@comune.valdisotto.so.it
Valfurva,http://www.comuni-italiani.it/014/073/index.html,info@comune.valfurva.so.it
Vervio,http://www.comuni-italiani.it/014/076/index.html,protocollo@comune.vervio.so.it
Villa di Tirano,http://www.comuni-italiani.it/014/078/index.html,protocollo@comune.villaditirano.so.it
