Agra,http://www.comuni-italiani.it/012/001/index.html,info@comune.agra.va.it
Albizzate,http://www.comuni-italiani.it/012/002/index.html,comune.albizzate@halleypec.it
Angera,http://www.comuni-italiani.it/012/003/index.html,sindaco@comune.angera.it
Arsago Seprio,http://www.comuni-italiani.it/012/005/index.html,segreteria@comune.arsago-seprio.va.it
Azzate,http://www.comuni-italiani.it/012/006/index.html,amministrativo@comune.azzate.va.it
Azzio,http://www.comuni-italiani.it/012/007/index.html,demografici@comune.azzio.va.it
Barasso,http://www.comuni-italiani.it/012/008/index.html,info@comune.barasso.va.it
Bardello,http://www.comuni-italiani.it/012/009/index.html,protocollo@comune.bardello.va.it
Bedero Valcuvia,http://www.comuni-italiani.it/012/010/index.html,info@comune.bederovalcuvia.va.it
Besnate,http://www.comuni-italiani.it/012/012/index.html,amministrazione@comune.besnate.va.it
Besozzo,http://www.comuni-italiani.it/012/013/index.html,segreteriasindaco@comune.besozzo.va.it
Biandronno,http://www.comuni-italiani.it/012/014/index.html,ufficiosegreteria@comune.biandronno.va.it
Bisuschio,http://www.comuni-italiani.it/012/015/index.html,segreteria@comune.bisuschio.va.it
Bodio Lomnago,http://www.comuni-italiani.it/012/016/index.html,info@comune.bodio-lomnago.va.it
Brebbia,http://www.comuni-italiani.it/012/017/index.html,ufficiosegreteria@comune.brebbia.va.it
Bregano,http://www.comuni-italiani.it/012/018/index.html,info@comune.bregano.va.it
Brenta,http://www.comuni-italiani.it/012/019/index.html,info@comune.brenta.va.it
Brinzio,http://www.comuni-italiani.it/012/021/index.html,info@comune.brinzio.va.it
Brissago-Valtravaglia,http://www.comuni-italiani.it/012/022/index.html,sindaco@comune.brissago-valtravaglia.va.it
Brunello,http://www.comuni-italiani.it/012/023/index.html,sindaco@comune.brunello.va.it
Brusimpiano,http://www.comuni-italiani.it/012/024/index.html,segreteria@comune.brusimpiano.va.it
Buguggiate,http://www.comuni-italiani.it/012/025/index.html,protocollo@comunebuguggiate.it
Busto Arsizio,http://www.comuni-italiani.it/012/026/index.html,info@comune.bustoarsizio.va.it
Cadrezzate,http://www.comuni-italiani.it/012/028/index.html,segreteria@comune.cadrezzate.va.it
Cairate,http://www.comuni-italiani.it/012/029/index.html,ufficio.sindaco@comune.cairate.va.it
Cantello,http://www.comuni-italiani.it/012/030/index.html,segreteria@comune.cantello.va.it
Caravate,http://www.comuni-italiani.it/012/031/index.html,info@comune.caravate.va.it
Carnago,http://www.comuni-italiani.it/012/033/index.html,urp@comune.carnago.va.it
Caronno Pertusella,http://www.comuni-italiani.it/012/034/index.html,info@comune.caronnopertusella.va.it
Caronno Varesino,http://www.comuni-italiani.it/012/035/index.html,segreteria@comune.caronnovaresino.va.it
Casalzuigno,http://www.comuni-italiani.it/012/037/index.html,segreteria@comune.casalzuigno.va.it
Casciago,http://www.comuni-italiani.it/012/038/index.html,segreteria@comune.casciago.va.it
Casorate Sempione,http://www.comuni-italiani.it/012/039/index.html,segretario@comune.casoratesempione.va.it
Cassano Magnago,http://www.comuni-italiani.it/012/040/index.html,sindaco@cassano-magnago.it
Cassano Valcuvia,http://www.comuni-italiani.it/012/041/index.html,info@comune.cassanovalcuvia.va.it
Castellanza,http://www.comuni-italiani.it/012/042/index.html,comune@comune.castellanza.va.it
Castello Cabiaglio,http://www.comuni-italiani.it/012/043/index.html,info@comune.castellocabiaglio.va.it
Castelseprio,http://www.comuni-italiani.it/012/044/index.html,amministratori@castelseprio.net
Castelveccana,http://www.comuni-italiani.it/012/045/index.html,demografici@comune.castelveccana.va.it
Castiglione Olona,http://www.comuni-italiani.it/012/046/index.html,protocollo@castiglioneolona.it
Castronno,http://www.comuni-italiani.it/012/047/index.html,info@comune.castronno.va.it
Cazzago Brabbia,http://www.comuni-italiani.it/012/049/index.html,info@comune.cazzagobrabbia.va.it
Cislago,http://www.comuni-italiani.it/012/050/index.html,contatti@comunedicislago.it
Cittiglio,http://www.comuni-italiani.it/012/051/index.html,sindaco@comune.cittiglio.va.it
Clivio,http://www.comuni-italiani.it/012/052/index.html,segreteria@comune.clivio.va.it
Cocquio-Trevisago,http://www.comuni-italiani.it/012/053/index.html,segreteria@comune.cocquio-trevisago.va.it
Comabbio,http://www.comuni-italiani.it/012/054/index.html,segreteria@comune.comabbio.va.it
Comerio,http://www.comuni-italiani.it/012/055/index.html,segreteria@comune.comerio.va.it
Cremenaga,http://www.comuni-italiani.it/012/056/index.html,info@comune.cremenaga.va.it
Crosio della Valle,http://www.comuni-italiani.it/012/057/index.html,segretario@comune.crosiodellavalle.va.it
Cuasso al Monte,http://www.comuni-italiani.it/012/058/index.html,info@comune.cuassoalmonte.va.it
Cugliate-Fabiasco,http://www.comuni-italiani.it/012/059/index.html,info@comune.cugliatefabiasco.va.it
Cunardo,http://www.comuni-italiani.it/012/060/index.html,info@comune.cunardo.va.it
Curiglia con Monteviasco,http://www.comuni-italiani.it/012/061/index.html,info@comune.curigliaconmonteviasco.va.it
Cuveglio,http://www.comuni-italiani.it/012/062/index.html,info@comune.cuveglio.va.it
Cuvio,http://www.comuni-italiani.it/012/063/index.html,info@comune.cuvio.va.it
Daverio,http://www.comuni-italiani.it/012/064/index.html,segreteria@comune.daverio.va.it
Dumenza,http://www.comuni-italiani.it/012/065/index.html,info@comune.dumenza.va.it
Duno,http://www.comuni-italiani.it/012/066/index.html,info@comune.duno.va.it
Fagnano Olona,http://www.comuni-italiani.it/012/067/index.html,protocollo@comune.fagnanoolona.va.it
Ferno,http://www.comuni-italiani.it/012/068/index.html,comune@comune.ferno.va.it
Ferrera di Varese,http://www.comuni-italiani.it/012/069/index.html,info@comune.ferreradivarese.va.it
Gallarate,http://www.comuni-italiani.it/012/070/index.html,anagrafe@comune.gallarate.va.it
Galliate Lombardo,http://www.comuni-italiani.it/012/071/index.html,sindaco@comune.galliatelombardo.va.it
Gavirate,http://www.comuni-italiani.it/012/072/index.html,segreteria@comune.gavirate.va.it
Gazzada Schianno,http://www.comuni-italiani.it/012/073/index.html,urp@comune.gazzada-schianno.va.it
Gemonio,http://www.comuni-italiani.it/012/074/index.html,info@comune.gemonio.va.it
Gerenzano,http://www.comuni-italiani.it/012/075/index.html,sindaco@comunegerenzano.it
Germignaga,http://www.comuni-italiani.it/012/076/index.html,comune.germignaga@comune.germignaga.va.it
Golasecca,http://www.comuni-italiani.it/012/077/index.html,segreteria@comune.golasecca.va.it
Gorla Minore,http://www.comuni-italiani.it/012/079/index.html,segreteria@comune.gorlaminore.va.it
Gornate Olona,http://www.comuni-italiani.it/012/080/index.html,anagrafe@comune.gornateolona.va.it
Grantola,http://www.comuni-italiani.it/012/081/index.html,info@comune.grantola.va.it
Inarzo,http://www.comuni-italiani.it/012/082/index.html,sindaco@comune.inarzo.va.it
Induno Olona,http://www.comuni-italiani.it/012/083/index.html,info@comune.induno-olona.va.it
Ispra,http://www.comuni-italiani.it/012/084/index.html,segreteria@comune.ispra.va.it
Jerago con Orago,http://www.comuni-italiani.it/012/085/index.html,segreteria@comune.jeragoconorago.va.it
Lavena Ponte Tresa,http://www.comuni-italiani.it/012/086/index.html,info@comune.lavenapontetresa.va.it
Laveno-Mombello,http://www.comuni-italiani.it/012/087/index.html,affari_generali@comune.laveno.va.it
Leggiuno,http://www.comuni-italiani.it/012/088/index.html,info@comune.leggiuno.va.it
Lonate Pozzolo,http://www.comuni-italiani.it/012/090/index.html,comune@comune.lonatepozzolo.va.it
Luino,http://www.comuni-italiani.it/012/092/index.html,info@comune.luino.va.it
Luvinate,http://www.comuni-italiani.it/012/093/index.html,sindaco@comune.luvinate.va.it
Maccagno con Pino e Veddasca,http://www.comuni-italiani.it/012/142/index.html,info@comune.maccagnoconpinoeveddasca.va.it
Malgesso,http://www.comuni-italiani.it/012/095/index.html,sindaco@comune.malgesso.va.it
Malnate,http://www.comuni-italiani.it/012/096/index.html,info@comune.malnate.va.it
Marzio,http://www.comuni-italiani.it/012/099/index.html,info@comunemarzio.it
Masciago Primo,http://www.comuni-italiani.it/012/100/index.html,info@comune.masciagoprimo.va.it
Mercallo,http://www.comuni-italiani.it/012/101/index.html,sindaco@comunemercallo.it
Mesenzana,http://www.comuni-italiani.it/012/102/index.html,info@comune.mesenzana.va.it
Montegrino Valtravaglia,http://www.comuni-italiani.it/012/103/index.html,info@comune.montegrino-valtravaglia.va.it
Monvalle,http://www.comuni-italiani.it/012/104/index.html,segreteria@comune.monvalle.va.it
Morazzone,http://www.comuni-italiani.it/012/105/index.html,info@comune.morazzone.va.it
Mornago,http://www.comuni-italiani.it/012/106/index.html,segreteria@comune.mornago.va.it
Oggiona con Santo Stefano,http://www.comuni-italiani.it/012/107/index.html,amministratori@comune.oggionaconsantostefano.va.it
Origgio,http://www.comuni-italiani.it/012/109/index.html,segreteria@comune.origgio.va.it
Orino,http://www.comuni-italiani.it/012/110/index.html,info@comune.orino.va.it
Osmate,http://www.comuni-italiani.it/012/111/index.html,sindaco@comune.osmate.va.it
Porto Ceresio,http://www.comuni-italiani.it/012/113/index.html,info@comune.portoceresio.va.it
Porto Valtravaglia,http://www.comuni-italiani.it/012/114/index.html,info@comune-portovaltravaglia.it
Rancio Valcuvia,http://www.comuni-italiani.it/012/115/index.html,sindaco@comune.ranciovalcuvia.va.it
Ranco,http://www.comuni-italiani.it/012/116/index.html,sindaco@comune.ranco.va.it
Saltrio,http://www.comuni-italiani.it/012/117/index.html,saltrio@comune.saltrio.va.it
Sangiano,http://www.comuni-italiani.it/012/141/index.html,info@comune.sangiano.va.it
Saronno,http://www.comuni-italiani.it/012/119/index.html,urp@comune.saronno.va.it
Sesto Calende,http://www.comuni-italiani.it/012/120/index.html,sindaco@comune.sesto-calende.va.it
Solbiate Arno,http://www.comuni-italiani.it/012/121/index.html,protocollo@comune.solbiate-arno.va.it
Solbiate Olona,http://www.comuni-italiani.it/012/122/index.html,segreteria@comune.solbiateolona.va.it
Somma Lombardo,http://www.comuni-italiani.it/012/123/index.html,urp@comune.sommalombardo.va.it
Sumirago,http://www.comuni-italiani.it/012/124/index.html,settoreamministrativo@comune.sumirago.va.it
Taino,http://www.comuni-italiani.it/012/125/index.html,segreteria@comuneditaino.it
Ternate,http://www.comuni-italiani.it/012/126/index.html,segreteria@comune.ternate.va.it
Tradate,http://www.comuni-italiani.it/012/127/index.html,anagrafe@comune.tradate.va.it
Travedona-Monate,http://www.comuni-italiani.it/012/128/index.html,info@comune.travedonamonate.va.it
Tronzano Lago Maggiore,http://www.comuni-italiani.it/012/129/index.html,municipio@comune.tronzanolagomaggiore.va.it
Uboldo,http://www.comuni-italiani.it/012/130/index.html,info@comune.uboldo.va.it
Valganna,http://www.comuni-italiani.it/012/131/index.html,anagrafe@comune.valganna.va.it
Varano Borghi,http://www.comuni-italiani.it/012/132/index.html,info@comune.varano-borghi.va.it
Varese,http://www.comuni-italiani.it/012/133/index.html,sindaco@comune.varese.it
Vedano Olona,http://www.comuni-italiani.it/012/134/index.html,info@comune.vedano-olona.va.it
Venegono Inferiore,http://www.comuni-italiani.it/012/136/index.html,info@comunevenegonoinferiore.it
Venegono Superiore,http://www.comuni-italiani.it/012/137/index.html,segreteria@comune.venegonosuperiore.va.it
Vergiate,http://www.comuni-italiani.it/012/138/index.html,info@comune.vergiate.va.it
Vizzola Ticino,http://www.comuni-italiani.it/012/140/index.html,sindaco@comune.vizzolaticino.va.it
