Agra,http://www.comuni-italiani.it/012/001/index.html
Albizzate,http://www.comuni-italiani.it/012/002/index.html
Angera,http://www.comuni-italiani.it/012/003/index.html
Arcisate,http://www.comuni-italiani.it/012/004/index.html
Arsago Seprio,http://www.comuni-italiani.it/012/005/index.html
Azzate,http://www.comuni-italiani.it/012/006/index.html
Azzio,http://www.comuni-italiani.it/012/007/index.html
Barasso,http://www.comuni-italiani.it/012/008/index.html
Bardello,http://www.comuni-italiani.it/012/009/index.html
Bedero Valcuvia,http://www.comuni-italiani.it/012/010/index.html
Besano,http://www.comuni-italiani.it/012/011/index.html
Besnate,http://www.comuni-italiani.it/012/012/index.html
Besozzo,http://www.comuni-italiani.it/012/013/index.html
Biandronno,http://www.comuni-italiani.it/012/014/index.html
Bisuschio,http://www.comuni-italiani.it/012/015/index.html
Bodio Lomnago,http://www.comuni-italiani.it/012/016/index.html
Brebbia,http://www.comuni-italiani.it/012/017/index.html
Bregano,http://www.comuni-italiani.it/012/018/index.html
Brenta,http://www.comuni-italiani.it/012/019/index.html
Brezzo di Bedero,http://www.comuni-italiani.it/012/020/index.html
Brinzio,http://www.comuni-italiani.it/012/021/index.html
Brissago-Valtravaglia,http://www.comuni-italiani.it/012/022/index.html
Brunello,http://www.comuni-italiani.it/012/023/index.html
Brusimpiano,http://www.comuni-italiani.it/012/024/index.html
Buguggiate,http://www.comuni-italiani.it/012/025/index.html
Busto Arsizio,http://www.comuni-italiani.it/012/026/index.html
Cadegliano-Viconago,http://www.comuni-italiani.it/012/027/index.html
Cadrezzate,http://www.comuni-italiani.it/012/028/index.html
Cairate,http://www.comuni-italiani.it/012/029/index.html
Cantello,http://www.comuni-italiani.it/012/030/index.html
Caravate,http://www.comuni-italiani.it/012/031/index.html
Cardano al Campo,http://www.comuni-italiani.it/012/032/index.html
Carnago,http://www.comuni-italiani.it/012/033/index.html
Caronno Pertusella,http://www.comuni-italiani.it/012/034/index.html
Caronno Varesino,http://www.comuni-italiani.it/012/035/index.html
Casale Litta,http://www.comuni-italiani.it/012/036/index.html
Casalzuigno,http://www.comuni-italiani.it/012/037/index.html
Casciago,http://www.comuni-italiani.it/012/038/index.html
Casorate Sempione,http://www.comuni-italiani.it/012/039/index.html
Cassano Magnago,http://www.comuni-italiani.it/012/040/index.html
Cassano Valcuvia,http://www.comuni-italiani.it/012/041/index.html
Castellanza,http://www.comuni-italiani.it/012/042/index.html
Castello Cabiaglio,http://www.comuni-italiani.it/012/043/index.html
Castelseprio,http://www.comuni-italiani.it/012/044/index.html
Castelveccana,http://www.comuni-italiani.it/012/045/index.html
Castiglione Olona,http://www.comuni-italiani.it/012/046/index.html
Castronno,http://www.comuni-italiani.it/012/047/index.html
Cavaria con Premezzo,http://www.comuni-italiani.it/012/048/index.html
Cazzago Brabbia,http://www.comuni-italiani.it/012/049/index.html
Cislago,http://www.comuni-italiani.it/012/050/index.html
Cittiglio,http://www.comuni-italiani.it/012/051/index.html
Clivio,http://www.comuni-italiani.it/012/052/index.html
Cocquio-Trevisago,http://www.comuni-italiani.it/012/053/index.html
Comabbio,http://www.comuni-italiani.it/012/054/index.html
Comerio,http://www.comuni-italiani.it/012/055/index.html
Cremenaga,http://www.comuni-italiani.it/012/056/index.html
Crosio della Valle,http://www.comuni-italiani.it/012/057/index.html
Cuasso al Monte,http://www.comuni-italiani.it/012/058/index.html
Cugliate-Fabiasco,http://www.comuni-italiani.it/012/059/index.html
Cunardo,http://www.comuni-italiani.it/012/060/index.html
Curiglia con Monteviasco,http://www.comuni-italiani.it/012/061/index.html
Cuveglio,http://www.comuni-italiani.it/012/062/index.html
Cuvio,http://www.comuni-italiani.it/012/063/index.html
Daverio,http://www.comuni-italiani.it/012/064/index.html
Dumenza,http://www.comuni-italiani.it/012/065/index.html
Duno,http://www.comuni-italiani.it/012/066/index.html
Fagnano Olona,http://www.comuni-italiani.it/012/067/index.html
Ferno,http://www.comuni-italiani.it/012/068/index.html
Ferrera di Varese,http://www.comuni-italiani.it/012/069/index.html
Gallarate,http://www.comuni-italiani.it/012/070/index.html
Galliate Lombardo,http://www.comuni-italiani.it/012/071/index.html
Gavirate,http://www.comuni-italiani.it/012/072/index.html
Gazzada Schianno,http://www.comuni-italiani.it/012/073/index.html
Gemonio,http://www.comuni-italiani.it/012/074/index.html
Gerenzano,http://www.comuni-italiani.it/012/075/index.html
Germignaga,http://www.comuni-italiani.it/012/076/index.html
Golasecca,http://www.comuni-italiani.it/012/077/index.html
Gorla Maggiore,http://www.comuni-italiani.it/012/078/index.html
Gorla Minore,http://www.comuni-italiani.it/012/079/index.html
Gornate Olona,http://www.comuni-italiani.it/012/080/index.html
Grantola,http://www.comuni-italiani.it/012/081/index.html
Inarzo,http://www.comuni-italiani.it/012/082/index.html
Induno Olona,http://www.comuni-italiani.it/012/083/index.html
Ispra,http://www.comuni-italiani.it/012/084/index.html
Jerago con Orago,http://www.comuni-italiani.it/012/085/index.html
Lavena Ponte Tresa,http://www.comuni-italiani.it/012/086/index.html
Laveno-Mombello,http://www.comuni-italiani.it/012/087/index.html
Leggiuno,http://www.comuni-italiani.it/012/088/index.html
Lonate Ceppino,http://www.comuni-italiani.it/012/089/index.html
Lonate Pozzolo,http://www.comuni-italiani.it/012/090/index.html
Lozza,http://www.comuni-italiani.it/012/091/index.html
Luino,http://www.comuni-italiani.it/012/092/index.html
Luvinate,http://www.comuni-italiani.it/012/093/index.html
Maccagno con Pino e Veddasca,http://www.comuni-italiani.it/012/142/index.html
Malgesso,http://www.comuni-italiani.it/012/095/index.html
Malnate,http://www.comuni-italiani.it/012/096/index.html
Marchirolo,http://www.comuni-italiani.it/012/097/index.html
Marnate,http://www.comuni-italiani.it/012/098/index.html
Marzio,http://www.comuni-italiani.it/012/099/index.html
Masciago Primo,http://www.comuni-italiani.it/012/100/index.html
Mercallo,http://www.comuni-italiani.it/012/101/index.html
Mesenzana,http://www.comuni-italiani.it/012/102/index.html
Montegrino Valtravaglia,http://www.comuni-italiani.it/012/103/index.html
Monvalle,http://www.comuni-italiani.it/012/104/index.html
Morazzone,http://www.comuni-italiani.it/012/105/index.html
Mornago,http://www.comuni-italiani.it/012/106/index.html
Oggiona con Santo Stefano,http://www.comuni-italiani.it/012/107/index.html
Olgiate Olona,http://www.comuni-italiani.it/012/108/index.html
Origgio,http://www.comuni-italiani.it/012/109/index.html
Orino,http://www.comuni-italiani.it/012/110/index.html
Osmate,http://www.comuni-italiani.it/012/111/index.html
Porto Ceresio,http://www.comuni-italiani.it/012/113/index.html
Porto Valtravaglia,http://www.comuni-italiani.it/012/114/index.html
Rancio Valcuvia,http://www.comuni-italiani.it/012/115/index.html
Ranco,http://www.comuni-italiani.it/012/116/index.html
Saltrio,http://www.comuni-italiani.it/012/117/index.html
Samarate,http://www.comuni-italiani.it/012/118/index.html
Sangiano,http://www.comuni-italiani.it/012/141/index.html
Saronno,http://www.comuni-italiani.it/012/119/index.html
Sesto Calende,http://www.comuni-italiani.it/012/120/index.html
Solbiate Arno,http://www.comuni-italiani.it/012/121/index.html
Solbiate Olona,http://www.comuni-italiani.it/012/122/index.html
Somma Lombardo,http://www.comuni-italiani.it/012/123/index.html
Sumirago,http://www.comuni-italiani.it/012/124/index.html
Taino,http://www.comuni-italiani.it/012/125/index.html
Ternate,http://www.comuni-italiani.it/012/126/index.html
Tradate,http://www.comuni-italiani.it/012/127/index.html
Travedona-Monate,http://www.comuni-italiani.it/012/128/index.html
Tronzano Lago Maggiore,http://www.comuni-italiani.it/012/129/index.html
Uboldo,http://www.comuni-italiani.it/012/130/index.html
Valganna,http://www.comuni-italiani.it/012/131/index.html
Varano Borghi,http://www.comuni-italiani.it/012/132/index.html
Varese,http://www.comuni-italiani.it/012/133/index.html
Vedano Olona,http://www.comuni-italiani.it/012/134/index.html
Venegono Inferiore,http://www.comuni-italiani.it/012/136/index.html
Venegono Superiore,http://www.comuni-italiani.it/012/137/index.html
Vergiate,http://www.comuni-italiani.it/012/138/index.html
Viggiù,http://www.comuni-italiani.it/012/139/index.html
Vizzola Ticino,http://www.comuni-italiani.it/012/140/index.html
,http://www.comuni-italiani.it/012/
,http://www.comuni-italiani.it/012/
