Antrona Schieranco,http://www.comuni-italiani.it/103/001/index.html,municipio@comune.antronaschieranco.vb.it
Arizzano,http://www.comuni-italiani.it/103/003/index.html,arizzano@reteunitaria.piemonte.it
Arola,http://www.comuni-italiani.it/103/004/index.html,arola@reteunitaria.piemonte.it
Aurano,http://www.comuni-italiani.it/103/005/index.html,uffici@comune.aurano.vb.it
Baceno,http://www.comuni-italiani.it/103/006/index.html,comune.baceno@reteunitaria.piemonte.it
Bannio Anzino,http://www.comuni-italiani.it/103/007/index.html,municipio@comune.bannioanzino.vb.it
Baveno,http://www.comuni-italiani.it/103/008/index.html,baveno@reteunitaria.piemonte.it
Belgirate,http://www.comuni-italiani.it/103/010/index.html,segreteria.belgirate@reteunitaria.piemonte.it
Beura-Cardezza,http://www.comuni-italiani.it/103/011/index.html,municipio@comune.beuracardezza.vb.it
Bognanco,http://www.comuni-italiani.it/103/012/index.html,bognanco@reteunitaria.piemonte.it
Borgomezzavalle,http://www.comuni-italiani.it/103/078/index.html,info@comune.borgomezzavalle.vb.it
Brovello-Carpugnino,http://www.comuni-italiani.it/103/013/index.html,municipio@comune.brovellocarpugnino.vb.it
Calasca-Castiglione,http://www.comuni-italiani.it/103/014/index.html,calasca.castiglione@reteunitaria.piemonte.it
Cambiasca,http://www.comuni-italiani.it/103/015/index.html,cambiasca@ruparpiemonte.it
Cannero Riviera,http://www.comuni-italiani.it/103/016/index.html,info@comune.canneroriviera.vb.it
Cannobio,http://www.comuni-italiani.it/103/017/index.html,sindaco@cannobio.net
Caprezzo,http://www.comuni-italiani.it/103/018/index.html,uffici@comune.caprezzo.vb.it
Casale Corte Cerro,http://www.comuni-italiani.it/103/019/index.html,municipio@comunecasalecc.it
Cesara,http://www.comuni-italiani.it/103/022/index.html,municipio@comune.cesara.vb.it
Crevoladossola,http://www.comuni-italiani.it/103/025/index.html,protocollo@comune.crevoladossola.vb.it
Crodo,http://www.comuni-italiani.it/103/026/index.html,crodo@reteunitaria.piemonte.it
Domodossola,http://www.comuni-italiani.it/103/028/index.html,urp@comune.domodossola.vb.it
Falmenta,http://www.comuni-italiani.it/103/030/index.html,falmenta@ruparpiemonte.it
Germagno,http://www.comuni-italiani.it/103/032/index.html,germagno@reteunitaria.piemonte.it
Gravellona Toce,http://www.comuni-italiani.it/103/035/index.html,protocollo@comune.gravellonatoce.vb.it
Gurro,http://www.comuni-italiani.it/103/036/index.html,comune.gurro@reteunitaria.piemonte.it
Intragna,http://www.comuni-italiani.it/103/037/index.html,intragna@ruparpiemonte.it
Loreglia,http://www.comuni-italiani.it/103/038/index.html,loreglia@ruparpiemonte.it
Macugnaga,http://www.comuni-italiani.it/103/039/index.html,municipio@comune.macugnaga.vb.it
Madonna del Sasso,http://www.comuni-italiani.it/103/040/index.html,municipio@comune.madonnadelsasso.vb.it
Malesco,http://www.comuni-italiani.it/103/041/index.html,info@comune.malesco.vb.it
Masera,http://www.comuni-italiani.it/103/042/index.html,masera@reteunitaria.piemonte.it
Mergozzo,http://www.comuni-italiani.it/103/044/index.html,sindaco@comune.mergozzo.vb.it
Miazzina,http://www.comuni-italiani.it/103/045/index.html,miazzina@ruparpiemonte.it
Montecrestese,http://www.comuni-italiani.it/103/046/index.html,municipio@comune.montecrestese.vb.it
Omegna,http://www.comuni-italiani.it/103/050/index.html,comune@comune.omegna.vb.it
Ornavasso,http://www.comuni-italiani.it/103/051/index.html,info@ornavasso.it
Pallanzeno,http://www.comuni-italiani.it/103/052/index.html,segreteria@comune.pallanzeno.vb.it
Piedimulera,http://www.comuni-italiani.it/103/053/index.html,piedimulera@ruparpiemonte.it
Pieve Vergonte,http://www.comuni-italiani.it/103/054/index.html,demografici@comunepievevergonte.it
Premeno,http://www.comuni-italiani.it/103/055/index.html,municipio@comune.premeno.vb.it
Premia,http://www.comuni-italiani.it/103/056/index.html,premia@ruparpiemonte.it
Quarna Sopra,http://www.comuni-italiani.it/103/058/index.html,quarna.sopra@ruparpiemonte.it
Quarna Sotto,http://www.comuni-italiani.it/103/059/index.html,municipio@comune.quarnasotto.vb.it
Re,http://www.comuni-italiani.it/103/060/index.html,re@ruparpiemonte.it
San Bernardino Verbano,http://www.comuni-italiani.it/103/061/index.html,segreteria.sbv@ruparpiemonte.it
Santa Maria Maggiore,http://www.comuni-italiani.it/103/062/index.html,info@comune.santamariamaggiore.vb.it
Stresa,http://www.comuni-italiani.it/103/064/index.html,info@comune.stresa.vb.it
Toceno,http://www.comuni-italiani.it/103/065/index.html,toceno@ruparpiemonte.it
Trasquera,http://www.comuni-italiani.it/103/067/index.html,protocollo@comune.trasquera.vb.it
Valstrona,http://www.comuni-italiani.it/103/069/index.html,municipio@comune.valstrona.vb.it
Vanzone con San Carlo,http://www.comuni-italiani.it/103/070/index.html,municipio@comune.vanzoneconsancarlo.vb.it
Varzo,http://www.comuni-italiani.it/103/071/index.html,varzo@reteunitaria.piemonte.it
Verbania,http://www.comuni-italiani.it/103/072/index.html,sindaco@comune.verbania.it
Villadossola,http://www.comuni-italiani.it/103/075/index.html,municipio@comune.villadossola.vb.it
Villette,http://www.comuni-italiani.it/103/076/index.html,villette@ruparpiemonte.it
Vogogna,http://www.comuni-italiani.it/103/077/index.html,municipio@comune.vogogna.vb.it
