Alagna Valsesia,http://www.comuni-italiani.it/002/002/index.html
Albano Vercellese,http://www.comuni-italiani.it/002/003/index.html
Alice Castello,http://www.comuni-italiani.it/002/004/index.html
Arborio,http://www.comuni-italiani.it/002/006/index.html
Asigliano Vercellese,http://www.comuni-italiani.it/002/007/index.html
Balmuccia,http://www.comuni-italiani.it/002/008/index.html
Balocco,http://www.comuni-italiani.it/002/009/index.html
Bianzè,http://www.comuni-italiani.it/002/011/index.html
Boccioleto,http://www.comuni-italiani.it/002/014/index.html
Borgo d'Ale,http://www.comuni-italiani.it/002/015/index.html
Borgo Vercelli,http://www.comuni-italiani.it/002/017/index.html
Borgosesia,http://www.comuni-italiani.it/002/016/index.html
Breia,http://www.comuni-italiani.it/002/019/index.html
Buronzo,http://www.comuni-italiani.it/002/021/index.html
Campertogno,http://www.comuni-italiani.it/002/025/index.html
Carcoforo,http://www.comuni-italiani.it/002/029/index.html
Caresana,http://www.comuni-italiani.it/002/030/index.html
Caresanablot,http://www.comuni-italiani.it/002/031/index.html
Carisio,http://www.comuni-italiani.it/002/032/index.html
Casanova Elvo,http://www.comuni-italiani.it/002/033/index.html
Cellio,http://www.comuni-italiani.it/002/038/index.html
Cervatto,http://www.comuni-italiani.it/002/041/index.html
Cigliano,http://www.comuni-italiani.it/002/042/index.html
Civiasco,http://www.comuni-italiani.it/002/043/index.html
Collobiano,http://www.comuni-italiani.it/002/045/index.html
Costanzana,http://www.comuni-italiani.it/002/047/index.html
Cravagliana,http://www.comuni-italiani.it/002/048/index.html
Crescentino,http://www.comuni-italiani.it/002/049/index.html
Crova,http://www.comuni-italiani.it/002/052/index.html
Desana,http://www.comuni-italiani.it/002/054/index.html
Fobello,http://www.comuni-italiani.it/002/057/index.html
Fontanetto Po,http://www.comuni-italiani.it/002/058/index.html
Formigliana,http://www.comuni-italiani.it/002/059/index.html
Gattinara,http://www.comuni-italiani.it/002/061/index.html
Ghislarengo,http://www.comuni-italiani.it/002/062/index.html
Greggio,http://www.comuni-italiani.it/002/065/index.html
Guardabosone,http://www.comuni-italiani.it/002/066/index.html
Lamporo,http://www.comuni-italiani.it/002/067/index.html
Lenta,http://www.comuni-italiani.it/002/068/index.html
Lignana,http://www.comuni-italiani.it/002/070/index.html
Livorno Ferraris,http://www.comuni-italiani.it/002/071/index.html
Lozzolo,http://www.comuni-italiani.it/002/072/index.html
Mollia,http://www.comuni-italiani.it/002/078/index.html
Moncrivello,http://www.comuni-italiani.it/002/079/index.html
Motta de' Conti,http://www.comuni-italiani.it/002/082/index.html
Olcenengo,http://www.comuni-italiani.it/002/088/index.html
Oldenico,http://www.comuni-italiani.it/002/089/index.html
Palazzolo Vercellese,http://www.comuni-italiani.it/002/090/index.html
Pertengo,http://www.comuni-italiani.it/002/091/index.html
Pezzana,http://www.comuni-italiani.it/002/093/index.html
Pila,http://www.comuni-italiani.it/002/096/index.html
Piode,http://www.comuni-italiani.it/002/097/index.html
Postua,http://www.comuni-italiani.it/002/102/index.html
Prarolo,http://www.comuni-italiani.it/002/104/index.html
Quarona,http://www.comuni-italiani.it/002/107/index.html
Quinto Vercellese,http://www.comuni-italiani.it/002/108/index.html
Rassa,http://www.comuni-italiani.it/002/110/index.html
Rima San Giuseppe,http://www.comuni-italiani.it/002/111/index.html
Rimasco,http://www.comuni-italiani.it/002/112/index.html
Rimella,http://www.comuni-italiani.it/002/113/index.html
Riva Valdobbia,http://www.comuni-italiani.it/002/114/index.html
Rive,http://www.comuni-italiani.it/002/115/index.html
Roasio,http://www.comuni-italiani.it/002/116/index.html
Ronsecco,http://www.comuni-italiani.it/002/118/index.html
Rossa,http://www.comuni-italiani.it/002/121/index.html
Rovasenda,http://www.comuni-italiani.it/002/122/index.html
Sabbia,http://www.comuni-italiani.it/002/123/index.html
Salasco,http://www.comuni-italiani.it/002/126/index.html
Sali Vercellese,http://www.comuni-italiani.it/002/127/index.html
Saluggia,http://www.comuni-italiani.it/002/128/index.html
San Germano Vercellese,http://www.comuni-italiani.it/002/131/index.html
San Giacomo Vercellese,http://www.comuni-italiani.it/002/035/index.html
Santhià,http://www.comuni-italiani.it/002/133/index.html
Scopa,http://www.comuni-italiani.it/002/134/index.html
Scopello,http://www.comuni-italiani.it/002/135/index.html
Serravalle Sesia,http://www.comuni-italiani.it/002/137/index.html
Stroppiana,http://www.comuni-italiani.it/002/142/index.html
Tricerro,http://www.comuni-italiani.it/002/147/index.html
Trino,http://www.comuni-italiani.it/002/148/index.html
Tronzano Vercellese,http://www.comuni-italiani.it/002/150/index.html
Valduggia,http://www.comuni-italiani.it/002/152/index.html
Varallo,http://www.comuni-italiani.it/002/156/index.html
Vercelli,http://www.comuni-italiani.it/002/158/index.html
Villarboit,http://www.comuni-italiani.it/002/163/index.html
Villata,http://www.comuni-italiani.it/002/164/index.html
Vocca,http://www.comuni-italiani.it/002/166/index.html
,http://www.comuni-italiani.it/002/
