Abbiategrasso,http://www.comuni-italiani.it/015/002/index.html,sportellocittadino@comune.abbiategrasso.mi.it,32.565,http://www.comune.abbiategrasso.mi.it/
Albairate,http://www.comuni-italiani.it/015/005/index.html,info@comune.albairate.mi.it,4.708,http://www.comune.albairate.mi.it/
Arconate,http://www.comuni-italiani.it/015/007/index.html,segreteria@comune.arconate.mi.it,6.700,http://www.comune.arconate.mi.it/
Arese,http://www.comuni-italiani.it/015/009/index.html,info@comune.arese.mi.it,19.248,http://www.comune.arese.mi.it/
Arluno,http://www.comuni-italiani.it/015/010/index.html,segreteria@comune.arluno.mi.it,11.909,http://www.comune.arluno.mi.it/
Assago,http://www.comuni-italiani.it/015/011/index.html,,9.008,http://www.comune.assago.mi.it/
Baranzate,http://www.comuni-italiani.it/015/250/index.html,urp@comune.baranzate.mi.it,11.935,http://www.comune.baranzate.mi.it/
Bareggio,http://www.comuni-italiani.it/015/012/index.html,,17.364,http://www.comune.bareggio.mi.it/
Basiano,http://www.comuni-italiani.it/015/014/index.html,,3.674,
Basiglio,http://www.comuni-italiani.it/015/015/index.html,,7.846,http://www.comune.basiglio.mi.it/
Bellinzago Lombardo,http://www.comuni-italiani.it/015/016/index.html,,3.878,http://www.bellinzagolombardo.gov.it/
Bernate Ticino,http://www.comuni-italiani.it/015/019/index.html,info@comune.bernateticino.mi.it,3.076,http://www.comune.bernateticino.mi.it/
Besate,http://www.comuni-italiani.it/015/022/index.html,sindaco@comune.besate.mi.it,2.064,http://www.comune.besate.mi.it/
Binasco,http://www.comuni-italiani.it/015/024/index.html,sindaco@comunebinasco.it,7.251,http://www.comune.binasco.mi.it/
Boffalora Sopra Ticino,http://www.comuni-italiani.it/015/026/index.html,comune@boffaloranet.it,4.113,http://www.boffaloraticino.it/
Bollate,http://www.comuni-italiani.it/015/027/index.html,urp.quibollate@comune.bollate.mi.it,36.469,http://www.comune.bollate.mi.it/
Bresso,http://www.comuni-italiani.it/015/032/index.html,sindaco@bresso.net,26.285,http://www.comune.bresso.mi.it/
Bubbiano,http://www.comuni-italiani.it/015/035/index.html,segretario@comune.bubbiano.mi.it,2.401,http://www.comune.bubbiano.mi.it/
Buccinasco,http://www.comuni-italiani.it/015/036/index.html,sindaco@comune.buccinasco.mi.it,27.245,http://www.comune.buccinasco.mi.it/
Buscate,http://www.comuni-italiani.it/015/038/index.html,urpbuscate@comune.buscate.mi.it,4.760,http://www.comune.buscate.mi.it/
Bussero,http://www.comuni-italiani.it/015/040/index.html,info@comune.bussero.mi.it,8.506,http://www.comune.bussero.mi.it/
Busto Garolfo,http://www.comuni-italiani.it/015/041/index.html,sindaco@comune.bustogarolfo.mi.it,13.850,http://www.comune.bustogarolfo.mi.it/
Calvignasco,http://www.comuni-italiani.it/015/042/index.html,segreteria@comune.calvignasco.mi.it,1.209,http://www.comune.calvignasco.mi.it/
Cambiago,http://www.comuni-italiani.it/015/044/index.html,sindaco@comune.cambiago.mi.it,6.906,http://www.comune.cambiago.mi.it/
Canegrate,http://www.comuni-italiani.it/015/046/index.html,demografici@comune.canegrate.mi.it,12.523,http://www.comune.canegrate.mi.it/
Carpiano,http://www.comuni-italiani.it/015/050/index.html,sindaco@comune.carpiano.mi.it,4.123,http://www.comune.carpiano.mi.it/
Carugate,http://www.comuni-italiani.it/015/051/index.html,sindaco@comune.carugate.mi.it,15.267,http://www.comune.carugate.mi.it/
Casarile,http://www.comuni-italiani.it/015/055/index.html,,4.081,http://www.comune.casarile.mi.it/
Casorezzo,http://www.comuni-italiani.it/015/058/index.html,,5.467,http://www.comune.casorezzo.mi.it/
Cassano d'Adda,http://www.comuni-italiani.it/015/059/index.html,info@comune.cassanodadda.mi.it,18.911,http://www.comune.cassanodadda.mi.it/
Cassina de' Pecchi,http://www.comuni-italiani.it/015/060/index.html,protocollo@comune.cassinadepecchi.mi.it,13.765,http://www.cassinadepecchi.gov.it/
Cassinetta di Lugagnano,http://www.comuni-italiani.it/015/061/index.html,,1.911,http://www.comune.cassinettadilugagnano.mi.it/
Castano Primo,http://www.comuni-italiani.it/015/062/index.html,,11.249,http://www.comune.castanoprimo.mi.it/
Cernusco sul Naviglio,http://www.comuni-italiani.it/015/070/index.html,urp@comune.cernuscosulnaviglio.mi.it,33.867,http://www.comune.cernuscosulnaviglio.mi.it/
Cerro al Lambro,http://www.comuni-italiani.it/015/071/index.html,,5.119,http://www.comune.cerroallambro.mi.it/
Cerro Maggiore,http://www.comuni-italiani.it/015/072/index.html,urp@cerromaggiore.org,15.224,http://www.comune.cerromaggiore.mi.it/
Cesano Boscone,http://www.comuni-italiani.it/015/074/index.html,,23.755,http://www.comune.cesano-boscone.mi.it/
Cesate,http://www.comuni-italiani.it/015/076/index.html,sindaco@comune.cesate.mi.it,14.278,http://www.comune.cesate.mi.it/
Cinisello Balsamo,http://www.comuni-italiani.it/015/077/index.html,info@comune.cinisello-balsamo.mi.it,75.659,http://www.comune.cinisello-balsamo.mi.it/
Cisliano,http://www.comuni-italiani.it/015/078/index.html,sindaco@comune.cisliano.mi.it,4.867,http://www.comune.cisliano.mi.it/
Cologno Monzese,http://www.comuni-italiani.it/015/081/index.html,urp@comune.colognomonzese.mi.it,47.751,http://www.comune.colognomonzese.mi.it/
Colturano,http://www.comuni-italiani.it/015/082/index.html,sindaco@comune.colturano.mi.it,2.079,http://www.comune.colturano.mi.it/
Corbetta,http://www.comuni-italiani.it/015/085/index.html,servizio.ced@comune.corbetta.mi.it,18.366,http://www.comune.corbetta.mi.it/
Cormano,http://www.comuni-italiani.it/015/086/index.html,comune.cormano@comune.cormano.mi.it,20.074,http://www.comune.cormano.mi.it/
Cornaredo,http://www.comuni-italiani.it/015/087/index.html,urp@comune.cornaredo.mi.it,20.499,http://www.comune.cornaredo.mi.it/
Corsico,http://www.comuni-italiani.it/015/093/index.html,,34.891,http://www.comune.corsico.mi.it/
Cuggiono,http://www.comuni-italiani.it/015/096/index.html,sindaco@comune.cuggiono.mi.it,8.266,http://www.comune.cuggiono.mi.it/
Cusago,http://www.comuni-italiani.it/015/097/index.html,segreteria@comune.cusago.mi.it,3.917,http://www.comune.cusago.mi.it/
Cusano Milanino,http://www.comuni-italiani.it/015/098/index.html,,18.768,http://www.comune.cusano-milanino.mi.it/
Dairago,http://www.comuni-italiani.it/015/099/index.html,segreteria@comune.dairago.mi.it,6.355,http://www.comune.dairago.mi.it/
Dresano,http://www.comuni-italiani.it/015/101/index.html,segreteria@comune.dresano.mi.it,3.036,http://www.comune.dresano.mi.it/
Gaggiano,http://www.comuni-italiani.it/015/103/index.html,comune@comune.gaggiano.mi.it,9.131,http://www.comune.gaggiano.mi.it/
Garbagnate Milanese,http://www.comuni-italiani.it/015/105/index.html,protocollo@comune.garbagnate-milanese.mi.it,27.226,http://www.comune.garbagnate-milanese.mi.it/
Gessate,http://www.comuni-italiani.it/015/106/index.html,segreteria@comune.gessate.mi.it,8.897,http://www.comune.gessate.mi.it/
Gorgonzola,http://www.comuni-italiani.it/015/108/index.html,info@comune.gorgonzola.mi.it,20.412,http://www.comune.gorgonzola.mi.it/
Grezzago,http://www.comuni-italiani.it/015/110/index.html,,3.040,http://www.comune.grezzago.mi.it/
Gudo Visconti,http://www.comuni-italiani.it/015/112/index.html,,1.658,http://www.gudo.it/
Inveruno,http://www.comuni-italiani.it/015/113/index.html,,8.608,http://www.comuneinveruno.it/
Inzago,http://www.comuni-italiani.it/015/114/index.html,urp@comune.inzago.mi.it,10.947,http://www.comune.inzago.mi.it/
Lacchiarella,http://www.comuni-italiani.it/015/115/index.html,posta@comune.lacchiarella.mi.it,8.964,http://www.comune.lacchiarella.mi.it/
Lainate,http://www.comuni-italiani.it/015/116/index.html,,25.754,http://www.comune.lainate.mi.it/
Legnano,http://www.comuni-italiani.it/015/118/index.html,info@legnano.org,60.259,http://www.legnano.org/
Liscate,http://www.comuni-italiani.it/015/122/index.html,,4.085,http://www.comune.liscate.mi.it/
Locate di Triulzi,http://www.comuni-italiani.it/015/125/index.html,comune@comune.locateditriulzi.mi.it,10.216,http://www.comune.locateditriulzi.mi.it/
Magenta,http://www.comuni-italiani.it/015/130/index.html,,23.845,http://www.comune.magenta.mi.it/
Magnago,http://www.comuni-italiani.it/015/131/index.html,info@comune.magnago.mi.it,9.248,http://www.comune.magnago.mi.it/
Marcallo con Casone,http://www.comuni-italiani.it/015/134/index.html,,6.254,http://www.marcallo.it/
Masate,http://www.comuni-italiani.it/015/136/index.html,,3.477,
Mediglia,http://www.comuni-italiani.it/015/139/index.html,sindaco@comune.mediglia.mi.it,12.198,http://www.comune.mediglia.mi.it/
Melegnano,http://www.comuni-italiani.it/015/140/index.html,protocollo@comune.melegnano.mi.it,17.940,http://www.comune.melegnano.mi.it/
Melzo,http://www.comuni-italiani.it/015/142/index.html,spaziocitta@comune.melzo.mi.it,18.518,http://www.comune.melzo.mi.it/
Mesero,http://www.comuni-italiani.it/015/144/index.html,segreteria@comunemesero.it,4.159,http://www.comune.mesero.mi.it/
Milano,http://www.comuni-italiani.it/015/146/index.html,stl.informagiovani@comune.milano.it,1.351.562,http://www.comune.milano.it/
Morimondo,http://www.comuni-italiani.it/015/150/index.html,ufficiosegreteria@comune.morimondo.mi.it,1.138,http://www.comune.morimondo.mi.it/
Motta Visconti,http://www.comuni-italiani.it/015/151/index.html,segreteria@comune.mottavisconti.mi.it,7.877,http://www.comune.mottavisconti.mi.it/
Nerviano,http://www.comuni-italiani.it/015/154/index.html,info@comune.nerviano.mi.it,17.270,http://www.comune.nerviano.mi.it/
Nosate,http://www.comuni-italiani.it/015/155/index.html,sindaco@comune.nosate.mi.it,682,http://www.comune.nosate.mi.it/
Novate Milanese,http://www.comuni-italiani.it/015/157/index.html,sindaco@comune.novate-milanese.mi.it,20.052,http://www.comune.novate-milanese.mi.it/
Noviglio,http://www.comuni-italiani.it/015/158/index.html,protocollo@comune.noviglio.mi.it,4.584,http://www.comune.noviglio.mi.it/
Opera,http://www.comuni-italiani.it/015/159/index.html,sindaco@comune.opera.mi.it,13.783,http://www.comune.opera.mi.it/
Ossona,http://www.comuni-italiani.it/015/164/index.html,municipio@comunediossona.it,4.288,http://www.comunediossona.it/
Ozzero,http://www.comuni-italiani.it/015/165/index.html,sindaco@comune.ozzero.mi.it,1.489,http://www.comune.ozzero.mi.it/
Paderno Dugnano,http://www.comuni-italiani.it/015/166/index.html,urp@comune.paderno-dugnano.mi.it,46.590,http://www.comune.paderno-dugnano.mi.it/
Pantigliate,http://www.comuni-italiani.it/015/167/index.html,,6.113,http://www.comune.pantigliate.mi.it/
Parabiago,http://www.comuni-italiani.it/015/168/index.html,sindaco@comune.parabiago.mi.it,27.747,http://www.comune.parabiago.mi.it/
Paullo,http://www.comuni-italiani.it/015/169/index.html,protocollo@comune.paullo.mi.it,11.461,http://www.comune.paullo.mi.it/
Pero,http://www.comuni-italiani.it/015/170/index.html,comune@comune.pero.mi.it,11.198,http://www.comune.pero.mi.it/
Peschiera Borromeo,http://www.comuni-italiani.it/015/171/index.html,sindaco@comune.peschieraborromeo.mi.it,23.515,http://www.comune.peschieraborromeo.mi.it/
Pessano con Bornago,http://www.comuni-italiani.it/015/172/index.html,segreteria@comune.pessanoconbornago.mi.it,9.073,http://www.pessanoconbornago.gov.it/
Pieve Emanuele,http://www.comuni-italiani.it/015/173/index.html,sindaco@comune.pieveemanuele.mi.it,16.118,http://www.comune.pieveemanuele.mi.it/
Pioltello,http://www.comuni-italiani.it/015/175/index.html,urp@comune.pioltello.mi.it,37.045,http://www.comune.pioltello.mi.it/
Pogliano Milanese,http://www.comuni-italiani.it/015/176/index.html,info@poglianomilanese.org,8.379,http://www.poglianomilanese.org/
Pozzo d'Adda,http://www.comuni-italiani.it/015/177/index.html,segreteria@comune.pozzodadda.mi.it,6.068,http://www.comune.pozzodadda.mi.it/
Pozzuolo Martesana,http://www.comuni-italiani.it/015/178/index.html,sindaco@comune.pozzuolomartesana.mi.it,8.471,http://www.comune.pozzuolomartesana.mi.it/
Pregnana Milanese,http://www.comuni-italiani.it/015/179/index.html,sindaco@comune.pregnana.mi.it,7.306,http://www.comune.pregnana.mi.it/
Rescaldina,http://www.comuni-italiani.it/015/181/index.html,,14.132,http://www.rescaldina.org/
Rho,http://www.comuni-italiani.it/015/182/index.html,urp@comune.rho.mi.it,50.767,http://www.comune.rho.mi.it/
Robecchetto con Induno,http://www.comuni-italiani.it/015/183/index.html,,4.885,http://www.comune.robecchetto-con-induno.mi.it/
Robecco sul Naviglio,http://www.comuni-italiani.it/015/184/index.html,info@comune.robeccosulnaviglio.mi.it,6.766,http://www.comune.robeccosulnaviglio.mi.it/
Rodano,http://www.comuni-italiani.it/015/185/index.html,,4.651,http://www.comune.rodano.mi.it/
Rosate,http://www.comuni-italiani.it/015/188/index.html,protocollo@comune.rosate.mi.it,5.762,http://www.comune.rosate.mi.it/
Rozzano,http://www.comuni-italiani.it/015/189/index.html,ascolto.cittadini@comune.rozzano.mi.it,42.417,http://www.comune.rozzano.mi.it/
San Colombano al Lambro,http://www.comuni-italiani.it/015/191/index.html,comune@comune.sancolombanoallambro.mi.it,7.336,http://www.comune.sancolombanoallambro.mi.it/
San Donato Milanese,http://www.comuni-italiani.it/015/192/index.html,urp@comune.sandonatomilanese.mi.it,32.416,http://www.comune.sandonatomilanese.mi.it/
San Giorgio su Legnano,http://www.comuni-italiani.it/015/194/index.html,segreteria@sangiorgiosl.org,6.794,http://www.sangiorgiosl.org/
San Giuliano Milanese,http://www.comuni-italiani.it/015/195/index.html,urp@comune.sangiulianomilanese.mi.it,38.318,http://www.sangiulianonline.it/
San Vittore Olona,http://www.comuni-italiani.it/015/201/index.html,info@sanvittoreolona.org,8.425,http://www.sanvittoreolona.org/
San Zenone al Lambro,http://www.comuni-italiani.it/015/202/index.html,sindaco@comune.sanzenoneallambro.mi.it,4.505,http://www.comune.sanzenoneallambro.mi.it/
Santo Stefano Ticino,http://www.comuni-italiani.it/015/200/index.html,comune@comune.santostefanoticino.mi.it,4.954,http://www.comune.santostefanoticino.mi.it/
Sedriano,http://www.comuni-italiani.it/015/204/index.html,sindaco@comune.sedriano.mi.it,12.099,http://www.comune.sedriano.mi.it/
Segrate,http://www.comuni-italiani.it/015/205/index.html,urp@comune.segrate.mi.it,35.234,http://www.comune.segrate.mi.it/
Senago,http://www.comuni-italiani.it/015/206/index.html,urp@comune.senago.mi.it,21.527,http://www.comune.senago.mi.it/
Sesto San Giovanni,http://www.comuni-italiani.it/015/209/index.html,urp@sestosg.net,81.822,http://www.sestosg.net/
Settala,http://www.comuni-italiani.it/015/210/index.html,,7.399,http://www.comune.settala.mi.it/
Settimo Milanese,http://www.comuni-italiani.it/015/211/index.html,protocollo@comune.settimomilanese.mi.it,20.063,http://www.comune.settimomilanese.mi.it/
Solaro,http://www.comuni-italiani.it/015/213/index.html,urp@comune.solaro.mi.it,14.223,http://www.comune.solaro.mi.it/
Trezzano Rosa,http://www.comuni-italiani.it/015/219/index.html,info@comune.trezzanorosa.mi.it,5.166,http://www.comune.trezzanorosa.mi.it/
Trezzano sul Naviglio,http://www.comuni-italiani.it/015/220/index.html,segretariocomunale@comune.trezzano-sul-naviglio.mi.it,20.944,http://www.comune.trezzano-sul-naviglio.mi.it/
Trezzo sull'Adda,http://www.comuni-italiani.it/015/221/index.html,info@comune.trezzosulladda.mi.it,12.102,http://www.comune.trezzosulladda.mi.it/
Tribiano,http://www.comuni-italiani.it/015/222/index.html,,3.545,http://www.comune.tribiano.mi.it/
Truccazzano,http://www.comuni-italiani.it/015/224/index.html,protocollo@comune.truccazzano.mi.it,5.934,http://www.comune.truccazzano.mi.it/
Turbigo,http://www.comuni-italiani.it/015/226/index.html,,7.287,http://www.comune.turbigo.mi.it/
Vanzaghello,http://www.comuni-italiani.it/015/249/index.html,,5.366,http://www.comune.vanzaghello.mi.it/
Vanzago,http://www.comuni-italiani.it/015/229/index.html,affari.generali@comune.vanzago.mi.it,9.175,http://www.comune.vanzago.mi.it/
Vaprio d'Adda,http://www.comuni-italiani.it/015/230/index.html,resp.affarigenerali@comune.vapriodadda.mi.it,8.972,http://www.comune.vapriodadda.mi.it/
Vermezzo,http://www.comuni-italiani.it/015/235/index.html,anagrafe@comune.vermezzo.mi.it,3.931,http://www.comune.vermezzo.mi.it/
Vernate,http://www.comuni-italiani.it/015/236/index.html,,3.365,http://www.comune.vernate.mi.it/
Vignate,http://www.comuni-italiani.it/015/237/index.html,segreteria@comune.vignate.mi.it,9.309,http://www.comune.vignate.mi.it/
Villa Cortese,http://www.comuni-italiani.it/015/248/index.html,staffsindaco@villacortese.org,6.214,http://www.comune.villacortese.mi.it/
Vimodrone,http://www.comuni-italiani.it/015/242/index.html,,17.004,http://www.comune.vimodrone.milano.it/
Vittuone,http://www.comuni-italiani.it/015/243/index.html,servgen@comune.vittuone.mi.it,9.063,http://www.comune.vittuone.mi.it/
Vizzolo Predabissi,http://www.comuni-italiani.it/015/244/index.html,segretariocom@comune.vizzolopredabissi.mi.it,3.948,http://www.comune.vizzolopredabissi.mi.it/
Zelo Surrigone,http://www.comuni-italiani.it/015/246/index.html,segreteriazelo@comune.zelosurrigone.mi.it,1.842,http://www.comune.zelosurrigone.mi.it/
Zibido San Giacomo,http://www.comuni-italiani.it/015/247/index.html,sindaco@zibidosg.net,6.856,http://www.comune.zibidosangiacomo.mi.it/
,http://www.comuni-italiani.it/015/,,,http://www.cittametropolitana.mi.it/
