Abbiategrasso,http://www.comuni-italiani.it/015/002/index.html
Albairate,http://www.comuni-italiani.it/015/005/index.html
Arconate,http://www.comuni-italiani.it/015/007/index.html
Arese,http://www.comuni-italiani.it/015/009/index.html
Arluno,http://www.comuni-italiani.it/015/010/index.html
Assago,http://www.comuni-italiani.it/015/011/index.html
Baranzate,http://www.comuni-italiani.it/015/250/index.html
Bareggio,http://www.comuni-italiani.it/015/012/index.html
Basiano,http://www.comuni-italiani.it/015/014/index.html
Basiglio,http://www.comuni-italiani.it/015/015/index.html
Bellinzago Lombardo,http://www.comuni-italiani.it/015/016/index.html
Bernate Ticino,http://www.comuni-italiani.it/015/019/index.html
Besate,http://www.comuni-italiani.it/015/022/index.html
Binasco,http://www.comuni-italiani.it/015/024/index.html
Boffalora Sopra Ticino,http://www.comuni-italiani.it/015/026/index.html
Bollate,http://www.comuni-italiani.it/015/027/index.html
Bresso,http://www.comuni-italiani.it/015/032/index.html
Bubbiano,http://www.comuni-italiani.it/015/035/index.html
Buccinasco,http://www.comuni-italiani.it/015/036/index.html
Buscate,http://www.comuni-italiani.it/015/038/index.html
Bussero,http://www.comuni-italiani.it/015/040/index.html
Busto Garolfo,http://www.comuni-italiani.it/015/041/index.html
Calvignasco,http://www.comuni-italiani.it/015/042/index.html
Cambiago,http://www.comuni-italiani.it/015/044/index.html
Canegrate,http://www.comuni-italiani.it/015/046/index.html
Carpiano,http://www.comuni-italiani.it/015/050/index.html
Carugate,http://www.comuni-italiani.it/015/051/index.html
Casarile,http://www.comuni-italiani.it/015/055/index.html
Casorezzo,http://www.comuni-italiani.it/015/058/index.html
Cassano d'Adda,http://www.comuni-italiani.it/015/059/index.html
Cassina de' Pecchi,http://www.comuni-italiani.it/015/060/index.html
Cassinetta di Lugagnano,http://www.comuni-italiani.it/015/061/index.html
Castano Primo,http://www.comuni-italiani.it/015/062/index.html
Cernusco sul Naviglio,http://www.comuni-italiani.it/015/070/index.html
Cerro al Lambro,http://www.comuni-italiani.it/015/071/index.html
Cerro Maggiore,http://www.comuni-italiani.it/015/072/index.html
Cesano Boscone,http://www.comuni-italiani.it/015/074/index.html
Cesate,http://www.comuni-italiani.it/015/076/index.html
Cinisello Balsamo,http://www.comuni-italiani.it/015/077/index.html
Cisliano,http://www.comuni-italiani.it/015/078/index.html
Cologno Monzese,http://www.comuni-italiani.it/015/081/index.html
Colturano,http://www.comuni-italiani.it/015/082/index.html
Corbetta,http://www.comuni-italiani.it/015/085/index.html
Cormano,http://www.comuni-italiani.it/015/086/index.html
Cornaredo,http://www.comuni-italiani.it/015/087/index.html
Corsico,http://www.comuni-italiani.it/015/093/index.html
Cuggiono,http://www.comuni-italiani.it/015/096/index.html
Cusago,http://www.comuni-italiani.it/015/097/index.html
Cusano Milanino,http://www.comuni-italiani.it/015/098/index.html
Dairago,http://www.comuni-italiani.it/015/099/index.html
Dresano,http://www.comuni-italiani.it/015/101/index.html
Gaggiano,http://www.comuni-italiani.it/015/103/index.html
Garbagnate Milanese,http://www.comuni-italiani.it/015/105/index.html
Gessate,http://www.comuni-italiani.it/015/106/index.html
Gorgonzola,http://www.comuni-italiani.it/015/108/index.html
Grezzago,http://www.comuni-italiani.it/015/110/index.html
Gudo Visconti,http://www.comuni-italiani.it/015/112/index.html
Inveruno,http://www.comuni-italiani.it/015/113/index.html
Inzago,http://www.comuni-italiani.it/015/114/index.html
Lacchiarella,http://www.comuni-italiani.it/015/115/index.html
Lainate,http://www.comuni-italiani.it/015/116/index.html
Legnano,http://www.comuni-italiani.it/015/118/index.html
Liscate,http://www.comuni-italiani.it/015/122/index.html
Locate di Triulzi,http://www.comuni-italiani.it/015/125/index.html
Magenta,http://www.comuni-italiani.it/015/130/index.html
Magnago,http://www.comuni-italiani.it/015/131/index.html
Marcallo con Casone,http://www.comuni-italiani.it/015/134/index.html
Masate,http://www.comuni-italiani.it/015/136/index.html
Mediglia,http://www.comuni-italiani.it/015/139/index.html
Melegnano,http://www.comuni-italiani.it/015/140/index.html
Melzo,http://www.comuni-italiani.it/015/142/index.html
Mesero,http://www.comuni-italiani.it/015/144/index.html
Milano,http://www.comuni-italiani.it/015/146/index.html
Morimondo,http://www.comuni-italiani.it/015/150/index.html
Motta Visconti,http://www.comuni-italiani.it/015/151/index.html
Nerviano,http://www.comuni-italiani.it/015/154/index.html
Nosate,http://www.comuni-italiani.it/015/155/index.html
Novate Milanese,http://www.comuni-italiani.it/015/157/index.html
Noviglio,http://www.comuni-italiani.it/015/158/index.html
Opera,http://www.comuni-italiani.it/015/159/index.html
Ossona,http://www.comuni-italiani.it/015/164/index.html
Ozzero,http://www.comuni-italiani.it/015/165/index.html
Paderno Dugnano,http://www.comuni-italiani.it/015/166/index.html
Pantigliate,http://www.comuni-italiani.it/015/167/index.html
Parabiago,http://www.comuni-italiani.it/015/168/index.html
Paullo,http://www.comuni-italiani.it/015/169/index.html
Pero,http://www.comuni-italiani.it/015/170/index.html
Peschiera Borromeo,http://www.comuni-italiani.it/015/171/index.html
Pessano con Bornago,http://www.comuni-italiani.it/015/172/index.html
Pieve Emanuele,http://www.comuni-italiani.it/015/173/index.html
Pioltello,http://www.comuni-italiani.it/015/175/index.html
Pogliano Milanese,http://www.comuni-italiani.it/015/176/index.html
Pozzo d'Adda,http://www.comuni-italiani.it/015/177/index.html
Pozzuolo Martesana,http://www.comuni-italiani.it/015/178/index.html
Pregnana Milanese,http://www.comuni-italiani.it/015/179/index.html
Rescaldina,http://www.comuni-italiani.it/015/181/index.html
Rho,http://www.comuni-italiani.it/015/182/index.html
Robecchetto con Induno,http://www.comuni-italiani.it/015/183/index.html
Robecco sul Naviglio,http://www.comuni-italiani.it/015/184/index.html
Rodano,http://www.comuni-italiani.it/015/185/index.html
Rosate,http://www.comuni-italiani.it/015/188/index.html
Rozzano,http://www.comuni-italiani.it/015/189/index.html
San Colombano al Lambro,http://www.comuni-italiani.it/015/191/index.html
San Donato Milanese,http://www.comuni-italiani.it/015/192/index.html
San Giorgio su Legnano,http://www.comuni-italiani.it/015/194/index.html
San Giuliano Milanese,http://www.comuni-italiani.it/015/195/index.html
San Vittore Olona,http://www.comuni-italiani.it/015/201/index.html
San Zenone al Lambro,http://www.comuni-italiani.it/015/202/index.html
Santo Stefano Ticino,http://www.comuni-italiani.it/015/200/index.html
Sedriano,http://www.comuni-italiani.it/015/204/index.html
Segrate,http://www.comuni-italiani.it/015/205/index.html
Senago,http://www.comuni-italiani.it/015/206/index.html
Sesto San Giovanni,http://www.comuni-italiani.it/015/209/index.html
Settala,http://www.comuni-italiani.it/015/210/index.html
Settimo Milanese,http://www.comuni-italiani.it/015/211/index.html
Solaro,http://www.comuni-italiani.it/015/213/index.html
Trezzano Rosa,http://www.comuni-italiani.it/015/219/index.html
Trezzano sul Naviglio,http://www.comuni-italiani.it/015/220/index.html
Trezzo sull'Adda,http://www.comuni-italiani.it/015/221/index.html
Tribiano,http://www.comuni-italiani.it/015/222/index.html
Truccazzano,http://www.comuni-italiani.it/015/224/index.html
Turbigo,http://www.comuni-italiani.it/015/226/index.html
Vanzaghello,http://www.comuni-italiani.it/015/249/index.html
Vanzago,http://www.comuni-italiani.it/015/229/index.html
Vaprio d'Adda,http://www.comuni-italiani.it/015/230/index.html
Vermezzo,http://www.comuni-italiani.it/015/235/index.html
Vernate,http://www.comuni-italiani.it/015/236/index.html
Vignate,http://www.comuni-italiani.it/015/237/index.html
Villa Cortese,http://www.comuni-italiani.it/015/248/index.html
Vimodrone,http://www.comuni-italiani.it/015/242/index.html
Vittuone,http://www.comuni-italiani.it/015/243/index.html
Vizzolo Predabissi,http://www.comuni-italiani.it/015/244/index.html
Zelo Surrigone,http://www.comuni-italiani.it/015/246/index.html
Zibido San Giacomo,http://www.comuni-italiani.it/015/247/index.html
,http://www.comuni-italiani.it/015/
