Albaredo per San Marco,http://www.comuni-italiani.it/014/001/index.html
Albosaggia,http://www.comuni-italiani.it/014/002/index.html
Andalo Valtellino,http://www.comuni-italiani.it/014/003/index.html
Aprica,http://www.comuni-italiani.it/014/004/index.html
Ardenno,http://www.comuni-italiani.it/014/005/index.html
Bema,http://www.comuni-italiani.it/014/006/index.html
Berbenno di Valtellina,http://www.comuni-italiani.it/014/007/index.html
Bianzone,http://www.comuni-italiani.it/014/008/index.html
Bormio,http://www.comuni-italiani.it/014/009/index.html
Buglio in Monte,http://www.comuni-italiani.it/014/010/index.html
Caiolo,http://www.comuni-italiani.it/014/011/index.html
Campodolcino,http://www.comuni-italiani.it/014/012/index.html
Caspoggio,http://www.comuni-italiani.it/014/013/index.html
Castello dell'Acqua,http://www.comuni-italiani.it/014/014/index.html
Castione Andevenno,http://www.comuni-italiani.it/014/015/index.html
Cedrasco,http://www.comuni-italiani.it/014/016/index.html
Cercino,http://www.comuni-italiani.it/014/017/index.html
Chiavenna,http://www.comuni-italiani.it/014/018/index.html
Chiesa in Valmalenco,http://www.comuni-italiani.it/014/019/index.html
Chiuro,http://www.comuni-italiani.it/014/020/index.html
Cino,http://www.comuni-italiani.it/014/021/index.html
Civo,http://www.comuni-italiani.it/014/022/index.html
Colorina,http://www.comuni-italiani.it/014/023/index.html
Cosio Valtellino,http://www.comuni-italiani.it/014/024/index.html
Dazio,http://www.comuni-italiani.it/014/025/index.html
Delebio,http://www.comuni-italiani.it/014/026/index.html
Dubino,http://www.comuni-italiani.it/014/027/index.html
Faedo Valtellino,http://www.comuni-italiani.it/014/028/index.html
Forcola,http://www.comuni-italiani.it/014/029/index.html
Fusine,http://www.comuni-italiani.it/014/030/index.html
Gerola Alta,http://www.comuni-italiani.it/014/031/index.html
Gordona,http://www.comuni-italiani.it/014/032/index.html
Grosio,http://www.comuni-italiani.it/014/033/index.html
Grosotto,http://www.comuni-italiani.it/014/034/index.html
Lanzada,http://www.comuni-italiani.it/014/036/index.html
Livigno,http://www.comuni-italiani.it/014/037/index.html
Lovero,http://www.comuni-italiani.it/014/038/index.html
Madesimo,http://www.comuni-italiani.it/014/035/index.html
Mantello,http://www.comuni-italiani.it/014/039/index.html
Mazzo di Valtellina,http://www.comuni-italiani.it/014/040/index.html
Mello,http://www.comuni-italiani.it/014/041/index.html
Mese,http://www.comuni-italiani.it/014/043/index.html
Montagna in Valtellina,http://www.comuni-italiani.it/014/044/index.html
Morbegno,http://www.comuni-italiani.it/014/045/index.html
Novate Mezzola,http://www.comuni-italiani.it/014/046/index.html
Pedesina,http://www.comuni-italiani.it/014/047/index.html
Piantedo,http://www.comuni-italiani.it/014/048/index.html
Piateda,http://www.comuni-italiani.it/014/049/index.html
Piuro,http://www.comuni-italiani.it/014/050/index.html
Poggiridenti,http://www.comuni-italiani.it/014/051/index.html
Ponte in Valtellina,http://www.comuni-italiani.it/014/052/index.html
Postalesio,http://www.comuni-italiani.it/014/053/index.html
Prata Camportaccio,http://www.comuni-italiani.it/014/054/index.html
Rasura,http://www.comuni-italiani.it/014/055/index.html
Rogolo,http://www.comuni-italiani.it/014/056/index.html
Samolaco,http://www.comuni-italiani.it/014/057/index.html
San Giacomo Filippo,http://www.comuni-italiani.it/014/058/index.html
Sernio,http://www.comuni-italiani.it/014/059/index.html
Sondalo,http://www.comuni-italiani.it/014/060/index.html
Sondrio,http://www.comuni-italiani.it/014/061/index.html
Spriana,http://www.comuni-italiani.it/014/062/index.html
Talamona,http://www.comuni-italiani.it/014/063/index.html
Tartano,http://www.comuni-italiani.it/014/064/index.html
Teglio,http://www.comuni-italiani.it/014/065/index.html
Tirano,http://www.comuni-italiani.it/014/066/index.html
Torre di Santa Maria,http://www.comuni-italiani.it/014/067/index.html
Tovo di Sant'Agata,http://www.comuni-italiani.it/014/068/index.html
Traona,http://www.comuni-italiani.it/014/069/index.html
Tresivio,http://www.comuni-italiani.it/014/070/index.html
Val Masino,http://www.comuni-italiani.it/014/074/index.html
Valdidentro,http://www.comuni-italiani.it/014/071/index.html
Valdisotto,http://www.comuni-italiani.it/014/072/index.html
Valfurva,http://www.comuni-italiani.it/014/073/index.html
Verceia,http://www.comuni-italiani.it/014/075/index.html
Vervio,http://www.comuni-italiani.it/014/076/index.html
Villa di Chiavenna,http://www.comuni-italiani.it/014/077/index.html
Villa di Tirano,http://www.comuni-italiani.it/014/078/index.html
,http://www.comuni-italiani.it/014/
