Antrona Schieranco,http://www.comuni-italiani.it/103/001/index.html
Anzola d'Ossola,http://www.comuni-italiani.it/103/002/index.html
Arizzano,http://www.comuni-italiani.it/103/003/index.html
Arola,http://www.comuni-italiani.it/103/004/index.html
Aurano,http://www.comuni-italiani.it/103/005/index.html
Baceno,http://www.comuni-italiani.it/103/006/index.html
Bannio Anzino,http://www.comuni-italiani.it/103/007/index.html
Baveno,http://www.comuni-italiani.it/103/008/index.html
Bee,http://www.comuni-italiani.it/103/009/index.html
Belgirate,http://www.comuni-italiani.it/103/010/index.html
Beura-Cardezza,http://www.comuni-italiani.it/103/011/index.html
Bognanco,http://www.comuni-italiani.it/103/012/index.html
Borgomezzavalle,http://www.comuni-italiani.it/103/078/index.html
Brovello-Carpugnino,http://www.comuni-italiani.it/103/013/index.html
Calasca-Castiglione,http://www.comuni-italiani.it/103/014/index.html
Cambiasca,http://www.comuni-italiani.it/103/015/index.html
Cannero Riviera,http://www.comuni-italiani.it/103/016/index.html
Cannobio,http://www.comuni-italiani.it/103/017/index.html
Caprezzo,http://www.comuni-italiani.it/103/018/index.html
Casale Corte Cerro,http://www.comuni-italiani.it/103/019/index.html
Cavaglio-Spoccia,http://www.comuni-italiani.it/103/020/index.html
Ceppo Morelli,http://www.comuni-italiani.it/103/021/index.html
Cesara,http://www.comuni-italiani.it/103/022/index.html
Cossogno,http://www.comuni-italiani.it/103/023/index.html
Craveggia,http://www.comuni-italiani.it/103/024/index.html
Crevoladossola,http://www.comuni-italiani.it/103/025/index.html
Crodo,http://www.comuni-italiani.it/103/026/index.html
Cursolo-Orasso,http://www.comuni-italiani.it/103/027/index.html
Domodossola,http://www.comuni-italiani.it/103/028/index.html
Druogno,http://www.comuni-italiani.it/103/029/index.html
Falmenta,http://www.comuni-italiani.it/103/030/index.html
Formazza,http://www.comuni-italiani.it/103/031/index.html
Germagno,http://www.comuni-italiani.it/103/032/index.html
Ghiffa,http://www.comuni-italiani.it/103/033/index.html
Gignese,http://www.comuni-italiani.it/103/034/index.html
Gravellona Toce,http://www.comuni-italiani.it/103/035/index.html
Gurro,http://www.comuni-italiani.it/103/036/index.html
Intragna,http://www.comuni-italiani.it/103/037/index.html
Loreglia,http://www.comuni-italiani.it/103/038/index.html
Macugnaga,http://www.comuni-italiani.it/103/039/index.html
Madonna del Sasso,http://www.comuni-italiani.it/103/040/index.html
Malesco,http://www.comuni-italiani.it/103/041/index.html
Masera,http://www.comuni-italiani.it/103/042/index.html
Massiola,http://www.comuni-italiani.it/103/043/index.html
Mergozzo,http://www.comuni-italiani.it/103/044/index.html
Miazzina,http://www.comuni-italiani.it/103/045/index.html
Montecrestese,http://www.comuni-italiani.it/103/046/index.html
Montescheno,http://www.comuni-italiani.it/103/047/index.html
Nonio,http://www.comuni-italiani.it/103/048/index.html
Oggebbio,http://www.comuni-italiani.it/103/049/index.html
Omegna,http://www.comuni-italiani.it/103/050/index.html
Ornavasso,http://www.comuni-italiani.it/103/051/index.html
Pallanzeno,http://www.comuni-italiani.it/103/052/index.html
Piedimulera,http://www.comuni-italiani.it/103/053/index.html
Pieve Vergonte,http://www.comuni-italiani.it/103/054/index.html
Premeno,http://www.comuni-italiani.it/103/055/index.html
Premia,http://www.comuni-italiani.it/103/056/index.html
Premosello-Chiovenda,http://www.comuni-italiani.it/103/057/index.html
Quarna Sopra,http://www.comuni-italiani.it/103/058/index.html
Quarna Sotto,http://www.comuni-italiani.it/103/059/index.html
Re,http://www.comuni-italiani.it/103/060/index.html
San Bernardino Verbano,http://www.comuni-italiani.it/103/061/index.html
Santa Maria Maggiore,http://www.comuni-italiani.it/103/062/index.html
Stresa,http://www.comuni-italiani.it/103/064/index.html
Toceno,http://www.comuni-italiani.it/103/065/index.html
Trarego Viggiona,http://www.comuni-italiani.it/103/066/index.html
Trasquera,http://www.comuni-italiani.it/103/067/index.html
Trontano,http://www.comuni-italiani.it/103/068/index.html
Valstrona,http://www.comuni-italiani.it/103/069/index.html
Vanzone con San Carlo,http://www.comuni-italiani.it/103/070/index.html
Varzo,http://www.comuni-italiani.it/103/071/index.html
Verbania,http://www.comuni-italiani.it/103/072/index.html
Vignone,http://www.comuni-italiani.it/103/074/index.html
Villadossola,http://www.comuni-italiani.it/103/075/index.html
Villette,http://www.comuni-italiani.it/103/076/index.html
Vogogna,http://www.comuni-italiani.it/103/077/index.html
,http://www.comuni-italiani.it/103/
,http://www.comuni-italiani.it/103/
